{"stats":{"minecraft:used":{"man:ritualblockoff":1,"minecraft:polished_deepslate":1,"minecraft:dispenser":15,"minecraft:spruce_slab":3,"minecraft:chest":11,"butchersdelight:hook":3,"minecraft:iron_sword":22,"minecraft:rotten_flesh":2,"minecraft:iron_chestplate":1,"cataclysm:obsidian_brick_wall":33,"born_in_chaos_v1:soul_cutlass":1,"minecraft:deepslate_brick_slab":542,"minecraft:tuff":45,"minecraft:obsidian":14,"born_in_chaos_v1:corpse_maggot":3,"minecraft:villager_spawn_egg":1,"minecraft:grass_block":12,"thestarvedstalker:the_starved_stalker_spawn_egg":1,"minecraft:jungle_fence_gate":1,"minecraft:lantern":5,"undergarden:dweller_spawn_egg":1,"onlyhammersandexcavators:stone_hammer":14811,"minecraft:stone_bricks":1,"minecraft:repeater":21,"minecraft:golden_sword":6,"minecraft:bedrock":3,"minecraft:birch_trapdoor":3,"minecraft:birch_button":1,"minecraft:oak_sapling":5,"minecraft:furnace":10,"born_in_chaos_v1:pumpkin_bomb_spawn_egg":1,"minecraft:polished_diorite_stairs":11,"thestarvedstalker:hungering_soil":1,"securitycraft:reinforced_polished_andesite_slab":1,"fear_the_dark:the_arm_spawn_egg":2,"born_in_chaos_v1:skeleton_thrasher_not_despawn_spawn_egg":1,"minecraft:deepslate_brick_wall":48,"born_in_chaos_v1:zombie_lumberjack_spawn_egg":1,"minecraft:diorite":69,"minecraft:oak_planks":37,"minecraft:stone_pickaxe":1350,"minecraft:jungle_fence":2,"minecraft:blackstone_stairs":2,"minecraft:polished_diorite_slab":36,"fear_the_dark:dracoflora_eggseed":7,"minecraft:wooden_pickaxe":59,"mcwfences:andesite_pillar_wall":5,"minecraft:oak_leaves":2,"minecraft:golden_apple":1,"born_in_chaos_v1:firelight_not_despawn_spawn_egg":1,"fear_the_dark:daunt_spawn_egg":1,"minecraft:sand":23,"spartanweaponry:iron_flanged_mace":56,"fear_the_dark:dracoflora_spawn_egg":3,"onlyhammersandexcavators:stone_excavator":1359,"minecraft:acacia_leaves":1,"securitycraft:universal_block_remover":1,"fear_the_dark:maw_manta_spawn_egg":1,"minecraft:black_bed":1,"minecraft:gray_concrete":4,"minecraft:shears":240,"minecraft:deepslate_brick_stairs":102,"minecraft:redstone_torch":19,"minecraft:sticky_piston":18,"minecraft:daylight_detector":2,"minecraft:birch_slab":5,"minecraft:polished_granite":4,"tombstone:grave_key":7,"minecraft:deepslate":301,"minecraft:iron_door":6,"minecraft:gravel":7,"minecraft:polished_andesite_slab":202,"minecraft:dark_oak_fence":1,"minecraft:andesite":18,"minecraft:birch_log":3,"born_in_chaos_v1:zombie_clown_not_despawn_spawn_egg":1,"minecraft:air":3,"apollyon:the_damned_spawn_egg":1,"minecraft:stone_sword":989,"toughasnails:leaf_helmet":3,"minecraft:flint_and_steel":2,"minecraft:stone_shovel":243,"minecraft:redstone":103,"undead_revamp2:blacpetalblock":2,"minecraft:spruce_planks":4,"toughasnails:leaf_boots":3,"minecraft:torch":439,"spartanweaponry:netherite_longsword":211,"minecraft:dirt":482,"minecraft:anvil":1,"toughasnails:empty_canteen":2,"minecraft:spruce_stairs":20,"minecraft:polished_granite_slab":191,"minecraft:jungle_trapdoor":2,"minecraft:granite":35,"minecraft:polished_diorite":189,"fear_the_dark:scuddler_spawn_egg":1,"minecraft:wooden_axe":62,"born_in_chaos_v1:dread_hound_not_despawn_spawn_egg":1,"born_in_chaos_v1:zombie_fisherman_spawn_egg":1,"minecraft:iron_boots":1,"minecraft:gray_glazed_terracotta":3,"minecraft:soul_soil":1,"undead_revamp2:arapholia":3,"tombstone:gift":6,"comforts:sleeping_bag_white":3,"minecraft:granite_wall":1,"minecraft:cooked_beef":2,"minecraft:cobbled_deepslate":840,"minecraft:observer":28,"born_in_chaos_v1:door_knight_not_despawn_spawn_egg":1,"minecraft:iron_leggings":1,"minecraft:water_bucket":15,"toughasnails:leaf_leggings":3,"minecraft:birch_planks":5,"appletreesrev:apple_sapling":1,"minecraft:cobblestone_slab":3,"fear_the_dark:arborial_colossus_2_spawn_egg":1,"minecraft:deepslate_bricks":67,"minecraft:polished_deepslate_slab":181,"minecraft:mossy_cobblestone":6,"minecraft:comparator":4,"minecraft:crafting_table":15,"born_in_chaos_v1:zombie_bruiser_spawn_egg":1,"minecraft:oak_slab":1,"minecraft:red_bed":13,"minecraft:white_bed":16,"minecraft:book":18,"tombstone:bag_of_seeds":3,"minecraft:oak_log":9,"minecraft:piston":11,"minecraft:ender_eye":16,"minecraft:diamond_pickaxe":611,"fear_the_dark:monolith_spawn_egg":1,"chococraft:gysahl_green_seeds":2,"minecraft:command_block":2,"minecraft:oak_button":1,"spartanweaponry:stone_boomerang":421,"toughasnails:leaf_chestplate":4,"comforts:sleeping_bag_gray":10,"minecraft:stone_axe":261,"minecraft:green_carpet":29,"minecraft:cobblestone":376,"minecraft:cobbled_deepslate_slab":37,"minecraft:white_banner":1,"born_in_chaos_v1:infernal_spirit_spawn_egg":1,"minecraft:bucket":18,"minecraft:stripped_oak_log":1,"minecraft:gray_wool":1,"butchersdelight:rack":7,"born_in_chaos_v1:decaying_zombie_not_despawn_spawn_egg":1,"pocket_pets:nigriceps_ant_leg":1},"minecraft:mined":{"undead_revamp2:arapholia":4,"minecraft:polished_granite_slab":5,"minecraft:spruce_planks":5,"minecraft:blackstone_stairs":2,"minecraft:white_bed":9,"minecraft:granite":237,"minecraft:acacia_log":10,"minecraft:grass_block":965,"minecraft:deepslate_bricks":6,"minecraft:soul_soil":37,"minecraft:polished_diorite":37,"minecraft:oxeye_daisy":3,"minecraft:iron_ore":141,"minecraft:cobbled_deepslate":115,"minecraft:fire":15,"minecraft:pumpkin":3,"minecraft:deepslate_lapis_ore":4,"minecraft:azure_bluet":4,"chococraft:gysahl_green":2,"minecraft:polished_deepslate_slab":4,"minecraft:deepslate_brick_stairs":18,"minecraft:green_carpet":29,"minecraft:spruce_slab":3,"minecraft:jungle_trapdoor":2,"minecraft:deepslate_redstone_ore":88,"minecraft:red_bed":12,"mcwfences:andesite_pillar_wall":5,"minecraft:torch":34,"minecraft:note_block":6,"minecraft:dark_oak_wood":2,"minecraft:poppy":2,"minecraft:chest":1,"minecraft:polished_diorite_slab":6,"minecraft:cobblestone":56,"minecraft:oak_planks":11,"minecraft:iron_door":3,"minecraft:wall_torch":9,"minecraft:polished_diorite_stairs":1,"minecraft:chain":5,"farmersdelight:sandy_shrub":9,"minecraft:birch_log":3,"minecraft:birch_trapdoor":1,"minecraft:black_bed":1,"born_in_chaos_v1:river_mint":11,"minecraft:stone_brick_stairs":2,"minecraft:grass":572,"butchersdelight:hook":2,"minecraft:oak_log":10,"minecraft:sand":243,"minecraft:dirt":309,"born_in_chaos_v1:infernal_evil_pumpkin_s":1,"minecraft:oak_leaves":180,"minecraft:deepslate":8400,"minecraft:tuff":514,"minecraft:mossy_cobblestone":6,"minecraft:deepslate_diamond_ore":68,"minecraft:candle":3,"butchersdelight:rack":4,"minecraft:gray_glazed_terracotta":3,"minecraft:gray_stained_glass_pane":2,"minecraft:glow_lichen":1,"minecraft:cobbled_deepslate_slab":2,"born_in_chaos_v1:black_argillite":8,"minecraft:polished_andesite_slab":8,"minecraft:birch_slab":1,"minecraft:deepslate_brick_slab":112,"minecraft:redstone_ore":5,"minecraft:furnace":1,"minecraft:andesite":437,"treechop:chopped_log":37,"comforts:sleeping_bag_gray":2,"minecraft:polished_deepslate":1,"minecraft:bookshelf":4,"minecraft:deepslate_iron_ore":19,"minecraft:lantern":3,"minecraft:stripped_acacia_log":1,"minecraft:stripped_oak_log":3,"minecraft:stone":3898,"supplementaries:book_pile_horizontal":2,"thestarvedstalker:hungering_soil":4,"minecraft:acacia_leaves":76,"minecraft:gray_concrete":6,"born_in_chaos_v1:marigolds":4,"minecraft:dandelion":17,"minecraft:polished_granite":3,"minecraft:crafting_table":3,"minecraft:cornflower":3,"undead_revamp2:blacpetalblock":2,"minecraft:campfire":1,"minecraft:copper_ore":73,"minecraft:tall_grass":29,"minecraft:lapis_ore":12,"minecraft:deepslate_gold_ore":36,"minecraft:diorite":669,"minecraft:spruce_stairs":21,"farmersdelight:wild_beetroots":13,"minecraft:gray_wool":35,"minecraft:birch_planks":3,"minecraft:birch_leaves":1,"minecraft:coal_ore":159,"minecraft:gravel":93,"minecraft:gold_ore":20},"minecraft:dropped":{"minecraft:black_bed":1,"minecraft:emerald":20,"minecraft:dirt":2,"minecraft:gray_concrete":2,"minecraft:grass":6,"minecraft:dark_oak_wood":2,"minecraft:gold_nugget":3,"minecraft:iron_pickaxe":1,"minecraft:bone":7,"minecraft:gravel":5,"onlyhammersandexcavators:stone_hammer":5,"minecraft:cobbled_deepslate":3070,"minecraft:beetroot":3,"minecraft:rotten_flesh":15,"minecraft:poppy":4,"supplementaries:ash":1,"spartanweaponry:stone_boomerang":12,"born_in_chaos_v1:corpse_maggot":3,"minecraft:water_bucket":1,"minecraft:oak_slab":5,"minecraft:wheat_seeds":22,"minecraft:cobblestone":396,"minecraft:apple":10,"minecraft:diorite":177,"minecraft:torch":84,"tombstone:grave_key":2,"born_in_chaos_v1:fused_bone":2,"toughasnails:leaf_boots":1,"toughasnails:leaf_helmet":1,"toughasnails:leaf_leggings":1,"minecraft:smooth_stone":3,"minecraft:bucket":3,"toughasnails:leaf_chestplate":2,"minecraft:stone_sword":3,"minecraft:tuff":59,"minecraft:flint_and_steel":1,"minecraft:deepslate_bricks":1,"man:tearoftheman":1,"minecraft:andesite":12,"minecraft:stone_pickaxe":6,"securitycraft:universal_block_reinforcer_lvl1":2},"minecraft:killed_by":{"minecraft:creeper":1,"corpse_stalker:corpse_stalker":2,"minecraft:zombie_horse":1,"minecraft:drowned":4,"sanitydim:rotting_stalker":3,"mimicer:mimicer":6,"sanitydim:sneaking_terror":3,"born_in_chaos_v1:pumpkinhead":2,"minecraft:zombie":5,"kim_dweller:kim_dweller":1,"minecraft:husk":1,"thestarvedstalker:the_starved_stalker_aggro":1,"minecraft:player":9,"born_in_chaos_v1:bloody_gadfly":1,"hordes:husk_player":2,"goat_man:goat_man":3,"born_in_chaos_v1:sir_pumpkinhead_without_horse":1,"apollyon:the_damned":2,"born_in_chaos_v1:maggot":1},"minecraft:custom":{"minecraft:interact_with_crafting_table":108,"minecraft:open_barrel":1,"minecraft:leave_game":38,"minecraft:time_since_death":0,"minecraft:damage_resisted":39830,"minecraft:sprint_one_cm":2327054,"minecraft:drop":157,"minecraft:play_noteblock":17,"minecraft:talked_to_villager":12,"minecraft:play_time":2449283,"minecraft:deaths":148,"tombstone:tomb_raiding":1,"minecraft:jump":10349,"minecraft:walk_on_water_one_cm":135432,"minecraft:interact_with_furnace":59,"minecraft:sleep_in_bed":63,"tombstone:sneak_grave":10,"minecraft:damage_dealt":111581,"minecraft:player_kills":8,"minecraft:crouch_one_cm":291728,"tombstone:undead_killed":350,"tombstone:villager_killed":1,"minecraft:inspect_dispenser":24,"minecraft:interact_with_anvil":1,"minecraft:mob_kills":478,"minecraft:damage_dealt_resisted":1691,"minecraft:climb_one_cm":10889,"minecraft:walk_one_cm":1951835,"minecraft:sneak_time":164707,"minecraft:walk_under_water_one_cm":49234,"minecraft:interact_with_lectern":5,"minecraft:total_world_time":2449283,"tombstone:raider_killed":5,"minecraft:tune_noteblock":13,"minecraft:time_since_rest":0,"minecraft:damage_taken":46764,"minecraft:damage_absorbed":40,"minecraft:swim_one_cm":57345,"minecraft:fly_one_cm":5065130,"minecraft:open_chest":837,"minecraft:fall_one_cm":364007},"minecraft:picked_up":{"toughasnails:leaf_leggings":5,"minecraft:wheat":2,"minecraft:lead":2,"minecraft:wither_rose":4,"minecraft:stone_brick_stairs":2,"tombstone:grave_key":2,"pocket_pets:nigriceps_ant_leg":1,"minecraft:golden_sword":6,"born_in_chaos_v1:holiday_candy":48,"born_in_chaos_v1:black_argillite":6,"minecraft:polished_deepslate":131,"minecraft:string":23,"minecraft:soul_soil":36,"minecraft:raw_copper":498,"minecraft:netherite_ingot":2,"minecraft:experience_bottle":1,"minecraft:beetroot":6,"minecraft:sea_pickle":1,"minecraft:cobbled_deepslate":8642,"minecraft:gold_nugget":12,"minecraft:smooth_stone":3,"minecraft:bucket":5,"minecraft:spruce_planks":5,"toughasnails:leaf_boots":3,"minecraft:redstone_torch":2,"minecraft:iron_pickaxe":4,"spartanweaponry:iron_flanged_mace":3,"minecraft:furnace":1,"minecraft:golden_helmet":1,"minecraft:stick":97,"minecraft:deepslate_brick_wall":30,"minecraft:birch_trapdoor":1,"minecraft:torch":294,"minecraft:acacia_log":44,"minecraft:spruce_stairs":22,"tombstone:grave_dust":39,"minecraft:diorite":610,"minecraft:stone_sword":16,"minecraft:rotten_flesh":504,"supplementaries:ash":3,"minecraft:deepslate_brick_stairs":34,"minecraft:blackstone_stairs":2,"undead_revamp2:arapholia":5,"minecraft:cobblestone":2501,"minecraft:nautilus_shell":1,"minecraft:birch_log":43,"minecraft:polished_diorite_slab":36,"minecraft:feather":2,"minecraft:water_bucket":3,"minecraft:iron_door":3,"minecraft:birch_slab":1,"minecraft:andesite":272,"minecraft:black_bed":2,"minecraft:acacia_leaves":80,"minecraft:golden_leggings":1,"minecraft:beacon":1,"minecraft:potato":4,"butchersdelight:deadpig":3,"toughasnails:leaf_helmet":2,"minecraft:flint":7,"securitycraft:reinforced_polished_granite":3,"minecraft:tuff":523,"butchersdelight:goat_fur":5,"minecraft:gray_concrete":10,"minecraft:lapis_lazuli":167,"minecraft:dirt":1432,"minecraft:lantern":5,"minecraft:polished_granite":257,"spartanweaponry:iron_rapier":1,"born_in_chaos_v1:marigolds":4,"minecraft:leather_boots":2,"minecraft:bone":26,"minecraft:granite_wall":1,"undead_revamp2:blacpetalblock":3,"minecraft:bow":1,"spartanweaponry:iron_greatsword":2,"minecraft:wheat_seeds":86,"minecraft:deepslate_brick_slab":127,"minecraft:raw_gold":114,"minecraft:cobbled_deepslate_slab":97,"thestarvedstalker:hungering_soil":4,"minecraft:oak_planks":62,"spartanweaponry:iron_saber":1,"minecraft:gray_glazed_terracotta":4,"butchersdelight:skullcow":7,"butchersdelight:cow_hide":7,"minecraft:sand":263,"minecraft:mossy_cobblestone":6,"minecraft:bundle":14,"minecraft:stripped_acacia_log":3,"minecraft:polished_andesite":29,"toughasnails:water_canteen":4,"born_in_chaos_v1:fire_dust":1,"minecraft:diamond":191,"minecraft:lever":1,"minecraft:polished_granite_slab":29,"minecraft:granite":296,"minecraft:grass":30,"securitycraft:reinforced_polished_granite_slab":1,"securitycraft:reinforced_polished_andesite_slab":1,"minecraft:emerald":20,"butchersdelight:deadllama":7,"minecraft:bread":2,"butchersdelight:hook":2,"minecraft:oak_sapling":104,"minecraft:dark_oak_fence":1,"minecraft:oak_leaves":183,"minecraft:diamond_pickaxe":2,"minecraft:cocoa_beans":1,"minecraft:charcoal":2,"minecraft:crafting_table":3,"born_in_chaos_v1:diamond_termite_shard":12,"minecraft:azure_bluet":4,"minecraft:chicken":1,"born_in_chaos_v1:river_mint":11,"minecraft:chain":5,"minecraft:cornflower":3,"minecraft:jungle_trapdoor":2,"minecraft:red_bed":13,"minecraft:flint_and_steel":1,"minecraft:iron_shovel":1,"butchersdelight:dead_cow":8,"onlyhammersandexcavators:stone_excavator":4,"minecraft:candle":8,"minecraft:beef":28,"born_in_chaos_v1:gnawed_bones":4,"minecraft:poppy":4,"minecraft:spruce_slab":3,"minecraft:chest":1,"minecraft:birch_sapling":18,"minecraft:raw_iron":384,"minecraft:polished_deepslate_slab":81,"minecraft:note_block":5,"minecraft:jungle_fence_gate":1,"born_in_chaos_v1:pieceofdarkmetal":3,"minecraft:carrot":5,"minecraft:redstone":561,"minecraft:arrow":7,"butchersdelight:deadsheep":4,"minecraft:stone_shovel":1,"minecraft:beetroot_seeds":15,"minecraft:shears":1,"minecraft:deepslate_bricks":8,"tombstone:essence_of_undeath":3,"minecraft:mutton":36,"minecraft:white_wool":7,"minecraft:oxeye_daisy":3,"born_in_chaos_v1:fused_bone":1,"minecraft:stripped_oak_log":3,"born_in_chaos_v1:corpse_maggot":36,"born_in_chaos_v1:pumpkin_staff":2,"minecraft:leather":36,"thestarvedstalker:starved_tooth":2,"minecraft:jungle_fence":2,"spartanweaponry:iron_longsword":2,"minecraft:birch_planks":3,"fear_the_dark:dracoflora_eggseed":7,"minecraft:oak_log":259,"minecraft:chainmail_chestplate":2,"minecraft:golden_boots":1,"minecraft:gunpowder":4,"butchersdelight:rack":4,"minecraft:white_banner":2,"mcwfences:andesite_pillar_wall":5,"butchersdelight:deadchiken":3,"born_in_chaos_v1:soul_cutlass":2,"chococraft:gysahl_green":3,"minecraft:apple":62,"minecraft:iron_ingot":2,"minecraft:stone_pickaxe":10,"comforts:sleeping_bag_gray":7,"tombstone:bag_of_seeds":4,"spartanweaponry:iron_dagger":5,"minecraft:polished_andesite_slab":81,"minecraft:iron_sword":2,"minecraft:acacia_sapling":25,"minecraft:book":18,"toughasnails:leaf_chestplate":7,"minecraft:pumpkin":3,"minecraft:dandelion":16,"minecraft:gravel":88,"minecraft:lava_bucket":1,"chococraft:gysahl_green_seeds":2,"minecraft:white_bed":9,"minecraft:green_carpet":29,"usefulbackpacks:backpack_large":4,"minecraft:spider_eye":1,"spartanweaponry:iron_battle_hammer":2,"minecraft:polished_diorite_stairs":11,"minecraft:pumpkin_seeds":2,"butchersdelight:sheephide":4,"minecraft:polished_diorite":69,"minecraft:stone_axe":6,"minecraft:gray_wool":35,"onlyhammersandexcavators:stone_hammer":4,"tombstone:magic_scroll":7,"minecraft:dark_oak_wood":2,"minecraft:coal":278},"minecraft:broken":{"toughasnails:leaf_boots":4,"toughasnails:leaf_chestplate":6,"minecraft:shears":1,"minecraft:stone_pickaxe":10,"minecraft:golden_sword":3,"minecraft:stone_axe":1,"minecraft:wooden_axe":1,"minecraft:stone_shovel":1,"toughasnails:leaf_leggings":6,"spartanweaponry:iron_flanged_mace":1,"minecraft:stone_sword":7,"onlyhammersandexcavators:stone_excavator":1,"minecraft:wooden_pickaxe":1,"onlyhammersandexcavators:stone_hammer":22,"toughasnails:leaf_helmet":3},"minecraft:crafted":{"minecraft:oak_planks":372,"minecraft:cobblestone_slab":72,"minecraft:polished_granite_slab":210,"usefulbackpacks:backpack_small":2,"minecraft:birch_slab":6,"toughasnails:leaf_leggings":6,"butchersdelight:rack":3,"minecraft:deepslate_brick_stairs":100,"securitycraft:laser_block":2,"minecraft:glass":17,"minecraft:diamond_helmet":1,"minecraft:diamond_leggings":1,"minecraft:iron_boots":1,"minecraft:oak_button":1,"minecraft:chest":10,"toughasnails:leaf_helmet":5,"minecraft:iron_door":3,"toughasnails:wool_chestplate":1,"minecraft:birch_button":1,"onlyhammersandexcavators:stone_hammer":32,"minecraft:polished_diorite_slab":60,"spartanweaponry:stone_boomerang":17,"minecraft:oak_slab":6,"toughasnails:leaf_boots":5,"minecraft:crafting_table":12,"minecraft:wooden_pickaxe":1,"minecraft:iron_helmet":1,"mcwfences:andesite_pillar_wall":5,"toughasnails:wool_leggings":1,"butchersdelight:cleaver":1,"minecraft:birch_planks":56,"minecraft:polished_deepslate_slab":252,"comforts:sleeping_bag_gray":1,"minecraft:iron_chestplate":1,"minecraft:stick":316,"usefulbackpacks:backpack_large":2,"minecraft:iron_ingot":32,"minecraft:iron_block":3,"minecraft:stone_sword":11,"minecraft:polished_diorite_stairs":20,"minecraft:deepslate_bricks":512,"minecraft:shears":2,"securitycraft:universal_block_reinforcer_lvl1":2,"toughasnails:empty_canteen":2,"minecraft:polished_andesite":164,"minecraft:cobbled_deepslate_slab":132,"minecraft:stone_shovel":3,"minecraft:iron_nugget":9,"minecraft:furnace":15,"appletreesrev:apple_sapling":1,"minecraft:polished_andesite_slab":264,"minecraft:glass_pane":16,"minecraft:deepslate_brick_wall":78,"minecraft:polished_diorite":244,"minecraft:polished_deepslate":768,"securitycraft:universal_block_remover":1,"minecraft:stone_pickaxe":17,"minecraft:diamond_boots":2,"usefulbackpacks:backpack_medium":2,"minecraft:redstone_block":6,"butchersdelight:hook":1,"toughasnails:leaf_chestplate":8,"minecraft:deepslate_brick_slab":444,"minecraft:iron_sword":1,"minecraft:polished_granite":188,"minecraft:bucket":4,"minecraft:stone_axe":2,"minecraft:air":0,"minecraft:white_wool":4,"onlyhammersandexcavators:stone_excavator":6,"minecraft:birch_trapdoor":2,"minecraft:wooden_axe":2,"minecraft:iron_leggings":1,"minecraft:anvil":1,"minecraft:white_bed":1,"minecraft:andesite":68,"minecraft:torch":544,"minecraft:diamond_chestplate":1},"minecraft:killed":{"born_in_chaos_v1:mr_pumpkin":6,"minecraft:zombified_piglin":42,"born_in_chaos_v1:sir_the_headless":1,"born_in_chaos_v1:door_knight_not_despawn":1,"minecraft:spider":1,"undead_revamp2:thesmoker":2,"fear_the_dark:scuddler":1,"minecraft:zombie_horse":1,"minecraft:skeleton":2,"hordes:husk_player":10,"fear_the_dark:maw_manta":1,"born_in_chaos_v1:firelight_not_despawn":1,"undead_revamp2:thespitter":1,"minecraft:zombie_villager":4,"born_in_chaos_v1:diamond_termite":14,"man:managgresive":2,"fear_the_dark:dracoflora":3,"fear_the_dark:the_arm":2,"born_in_chaos_v1:dread_hound_not_despawn":1,"undead_revamp2:thebeartamer":1,"minecraft:creeper":2,"fear_the_dark:daunt":1,"minecraft:sheep":3,"minecraft:pillager":4,"minecraft:zombie":118,"born_in_chaos_v1:corpse_fly":4,"kim_dweller:kim_dweller":1,"undergarden:dweller":1,"apollyon:the_damned":1,"hordes:zombie_player":1,"undead_revamp2:thehunter":2,"undead_revamp2:theimmortal":1,"fear_the_dark:fever_dream":2,"born_in_chaos_v1:zombie_clown_not_despawn":1,"fear_the_dark:draco_flora_friendly":7,"minecraft:vindicator":1,"sanitydim:rotting_stalker":2,"born_in_chaos_v1:skeleton_thrasher_not_despawn":1,"born_in_chaos_v1:maggot":39,"born_in_chaos_v1:pumpkinhead":1,"goat_man:goat_man":1,"minecraft:drowned":2,"undead_revamp2:sucker":3,"minecraft:husk":147,"born_in_chaos_v1:spirit_guide_assistant":2,"fear_the_dark:monolith":1,"undead_revamp2:the_moonflower":7,"minecraft:wandering_trader":1,"born_in_chaos_v1:infernal_spirit":1,"born_in_chaos_v1:bloody_gadfly":1}},"DataVersion":3120}