{"stats":{"minecraft:picked_up":{"minecraft:lead":2,"appletreesrev:apple_sapling":5,"minecraft:wither_rose":4,"minecraft:golden_sword":8,"minecraft:polished_deepslate":131,"minecraft:soul_soil":36,"minecraft:string":23,"minecraft:beetroot":9,"minecraft:cobbled_deepslate":10249,"minecraft:gold_nugget":28,"minecraft:spruce_planks":5,"toughasnails:leaf_boots":3,"minecraft:golden_helmet":1,"born_in_chaos_v1:shattered_skull":2,"minecraft:acacia_log":116,"ironchest:gold_chest":2,"minecraft:stone_sword":18,"securitycraft:blacklist_module":5,"supplementaries:ash":30,"minecraft:blackstone_stairs":2,"minecraft:birch_log":43,"minecraft:cooked_beef":3,"spartanweaponry:iron_warhammer":2,"minecraft:polished_diorite_slab":36,"minecraft:feather":4,"minecraft:iron_door":3,"minecraft:birch_slab":1,"minecraft:water_bucket":7,"minecraft:acacia_leaves":80,"minecraft:flint":27,"butchersdelight:deadpig":6,"securitycraft:reinforced_polished_granite":12,"minecraft:gray_concrete":10,"minecraft:lantern":5,"spartanweaponry:iron_rapier":1,"born_in_chaos_v1:marigolds":5,"undead_revamp2:blacpetalblock":4,"spartanweaponry:iron_greatsword":3,"spartanweaponry:iron_saber":1,"minecraft:gray_glazed_terracotta":4,"butchersdelight:skullcow":14,"minecraft:bundle":17,"minecraft:polished_andesite":32,"minecraft:stripped_acacia_log":6,"toughasnails:water_canteen":4,"minecraft:lever":1,"minecraft:polished_granite_slab":101,"minecraft:granite":409,"securitycraft:reinforced_polished_granite_slab":1,"securitycraft:reinforced_polished_andesite_slab":1,"minecraft:bread":5,"minecraft:dark_oak_fence":1,"minecraft:diamond_pickaxe":2,"minecraft:crafting_table":7,"born_in_chaos_v1:seedof_chaos":4,"minecraft:leather_leggings":1,"minecraft:cornflower":4,"minecraft:jungle_trapdoor":2,"minecraft:red_bed":13,"minecraft:flint_and_steel":1,"minecraft:iron_shovel":1,"minecraft:glass_pane":56,"butchersdelight:dead_cow":8,"minecraft:cracked_stone_bricks":8,"minecraft:beef":56,"born_in_chaos_v1:gnawed_bones":4,"minecraft:poppy":21,"minecraft:spruce_slab":3,"minecraft:chest":4,"minecraft:birch_sapling":18,"minecraft:polished_deepslate_slab":81,"minecraft:jungle_fence_gate":1,"born_in_chaos_v1:pieceofdarkmetal":3,"minecraft:carrot":5,"minecraft:redstone":728,"minecraft:prismarine_crystals":6,"butchersdelight:deadsheep":4,"minecraft:stone_shovel":1,"minecraft:beetroot_seeds":15,"minecraft:shears":1,"minecraft:deepslate_bricks":18,"tombstone:essence_of_undeath":3,"minecraft:gold_ingot":4,"minecraft:mutton":72,"minecraft:white_wool":7,"minecraft:oxeye_daisy":5,"minecraft:stripped_oak_log":3,"born_in_chaos_v1:pumpkin_staff":2,"thestarvedstalker:starved_tooth":2,"minecraft:jungle_fence":2,"spartanweaponry:iron_longsword":8,"fear_the_dark:dracoflora_eggseed":7,"minecraft:oak_log":382,"minecraft:golden_boots":1,"minecraft:white_banner":2,"mcwfences:andesite_pillar_wall":5,"butchersdelight:deadchiken":5,"chococraft:chocobo_feather":13,"chococraft:gysahl_green":3,"born_in_chaos_v1:soul_cutlass":2,"minecraft:apple":172,"minecraft:stone_pickaxe":10,"tombstone:bag_of_seeds":6,"spartanweaponry:iron_dagger":7,"minecraft:iron_sword":4,"toughasnails:leaf_chestplate":9,"minecraft:gravel":247,"minecraft:leather_helmet":1,"spartanweaponry:iron_battle_hammer":4,"minecraft:slime_ball":4,"minecraft:stone_axe":6,"minecraft:polished_diorite":80,"minecraft:gray_wool":35,"onlyhammersandexcavators:stone_hammer":5,"toughasnails:leaf_leggings":6,"minecraft:wheat":8,"minecraft:stone_brick_stairs":2,"pocket_pets:nigriceps_ant_leg":1,"tombstone:grave_key":2,"born_in_chaos_v1:holiday_candy":48,"born_in_chaos_v1:black_argillite":6,"minecraft:raw_copper":601,"minecraft:netherite_ingot":2,"minecraft:experience_bottle":1,"minecraft:sea_pickle":1,"minecraft:smooth_stone":3,"minecraft:bucket":5,"minecraft:redstone_torch":2,"minecraft:iron_pickaxe":4,"spartanweaponry:iron_flanged_mace":3,"minecraft:furnace":4,"minecraft:stick":277,"minecraft:deepslate_brick_wall":30,"minecraft:birch_trapdoor":1,"minecraft:torch":678,"minecraft:spruce_stairs":22,"minecraft:diorite":617,"tombstone:grave_dust":72,"minecraft:rotten_flesh":772,"minecraft:deepslate_brick_stairs":39,"undead_revamp2:arapholia":5,"minecraft:cobblestone":2992,"minecraft:nautilus_shell":2,"minecraft:andesite":309,"minecraft:black_bed":4,"minecraft:golden_leggings":1,"minecraft:beacon":1,"minecraft:potato":8,"toughasnails:leaf_helmet":2,"minecraft:tuff":978,"butchersdelight:goat_fur":5,"minecraft:lapis_lazuli":167,"minecraft:dirt":1769,"minecraft:polished_granite":258,"minecraft:leather_boots":2,"minecraft:glass":115,"minecraft:bone":32,"minecraft:granite_wall":1,"minecraft:bow":1,"minecraft:wheat_seeds":156,"minecraft:deepslate_brick_slab":199,"minecraft:raw_gold":131,"minecraft:cobbled_deepslate_slab":97,"thestarvedstalker:hungering_soil":4,"minecraft:oak_planks":336,"butchersdelight:cow_hide":7,"minecraft:sand":263,"minecraft:mossy_cobblestone":6,"born_in_chaos_v1:fire_dust":1,"minecraft:diamond":212,"minecraft:bone_meal":36,"minecraft:grass":30,"minecraft:golden_apple":23,"minecraft:emerald":20,"butchersdelight:deadllama":19,"minecraft:oak_sapling":291,"butchersdelight:hook":2,"minecraft:oak_leaves":244,"minecraft:cocoa_beans":1,"minecraft:charcoal":2,"born_in_chaos_v1:diamond_termite_shard":12,"minecraft:azure_bluet":5,"minecraft:chicken":2,"born_in_chaos_v1:river_mint":11,"minecraft:chain":5,"onlyhammersandexcavators:stone_excavator":4,"minecraft:candle":20,"minecraft:raw_iron":473,"minecraft:copper_ingot":2,"minecraft:note_block":5,"minecraft:trident":5,"minecraft:arrow":15,"born_in_chaos_v1:fused_bone":1,"born_in_chaos_v1:corpse_maggot":42,"minecraft:leather":39,"minecraft:birch_planks":3,"minecraft:chainmail_chestplate":2,"minecraft:gunpowder":4,"butchersdelight:rack":4,"minecraft:iron_ingot":12,"comforts:sleeping_bag_gray":17,"minecraft:polished_andesite_slab":269,"minecraft:acacia_sapling":66,"minecraft:book":18,"minecraft:pumpkin":3,"minecraft:dandelion":27,"minecraft:lava_bucket":1,"chococraft:gysahl_green_seeds":2,"minecraft:white_bed":11,"minecraft:green_carpet":29,"minecraft:spider_eye":1,"usefulbackpacks:backpack_large":12,"minecraft:polished_diorite_stairs":11,"minecraft:pumpkin_seeds":2,"butchersdelight:sheephide":4,"tombstone:magic_scroll":19,"minecraft:dark_oak_wood":2,"minecraft:coal":390},"minecraft:broken":{"toughasnails:leaf_chestplate":8,"minecraft:shears":1,"minecraft:golden_sword":3,"minecraft:iron_sword":2,"minecraft:stone_sword":11,"minecraft:wooden_pickaxe":1,"toughasnails:leaf_helmet":4,"toughasnails:leaf_boots":5,"minecraft:stone_pickaxe":10,"minecraft:stone_axe":4,"minecraft:wooden_axe":1,"minecraft:stone_shovel":1,"toughasnails:leaf_leggings":7,"spartanweaponry:iron_flanged_mace":2,"onlyhammersandexcavators:stone_excavator":2,"onlyhammersandexcavators:stone_hammer":26},"minecraft:dropped":{"minecraft:crafting_table":4,"minecraft:black_bed":1,"minecraft:cracked_stone_bricks":8,"minecraft:emerald":20,"minecraft:dirt":16,"minecraft:gray_concrete":2,"minecraft:grass":6,"minecraft:gold_nugget":6,"minecraft:bone_meal":36,"minecraft:iron_pickaxe":1,"minecraft:bone":7,"onlyhammersandexcavators:stone_hammer":6,"minecraft:cobbled_deepslate":3070,"minecraft:deepslate_brick_slab":26,"minecraft:rotten_flesh":15,"spartanweaponry:stone_boomerang":20,"minecraft:wheat_seeds":48,"minecraft:cobblestone":396,"minecraft:apple":10,"minecraft:granite":3,"toughasnails:leaf_leggings":1,"minecraft:smooth_stone":3,"minecraft:stone_sword":3,"minecraft:dark_oak_wood":2,"minecraft:gravel":5,"minecraft:beetroot":3,"minecraft:poppy":4,"supplementaries:ash":11,"born_in_chaos_v1:corpse_maggot":3,"minecraft:polished_granite":1,"minecraft:water_bucket":1,"minecraft:oak_slab":5,"minecraft:diorite":178,"minecraft:torch":84,"tombstone:grave_key":2,"born_in_chaos_v1:fused_bone":2,"toughasnails:leaf_boots":1,"toughasnails:leaf_helmet":1,"minecraft:bucket":3,"toughasnails:leaf_chestplate":2,"minecraft:tuff":59,"minecraft:flint_and_steel":1,"minecraft:deepslate_bricks":1,"man:tearoftheman":1,"minecraft:andesite":12,"minecraft:stone_pickaxe":6,"securitycraft:universal_block_reinforcer_lvl1":2},"minecraft:mined":{"minecraft:polished_granite_slab":5,"minecraft:blackstone_stairs":2,"minecraft:white_bed":10,"minecraft:granite":345,"minecraft:acacia_log":10,"minecraft:deepslate_bricks":12,"minecraft:oxeye_daisy":5,"appletreesrev:apple_sapling":5,"minecraft:cobbled_deepslate":124,"minecraft:fire":16,"minecraft:pumpkin":3,"minecraft:deepslate_lapis_ore":4,"minecraft:polished_deepslate_slab":4,"minecraft:deepslate_brick_stairs":23,"minecraft:green_carpet":29,"minecraft:jungle_trapdoor":2,"minecraft:red_bed":12,"minecraft:torch":40,"minecraft:note_block":6,"minecraft:dark_oak_wood":2,"minecraft:polished_diorite_slab":6,"minecraft:polished_diorite_stairs":1,"minecraft:chain":5,"minecraft:black_bed":2,"minecraft:stone_brick_stairs":2,"minecraft:grass":1125,"butchersdelight:hook":2,"born_in_chaos_v1:infernal_evil_pumpkin_s":1,"minecraft:deepslate":9895,"minecraft:mossy_cobblestone":6,"minecraft:sea_lantern":2,"minecraft:cobbled_deepslate_slab":2,"born_in_chaos_v1:black_argillite":8,"minecraft:redstone_ore":5,"minecraft:andesite":476,"comforts:sleeping_bag_gray":7,"thestarvedstalker:hungering_soil":4,"minecraft:gray_concrete":6,"minecraft:dandelion":28,"minecraft:cornflower":4,"minecraft:campfire":1,"undead_revamp2:blacpetalblock":2,"minecraft:tall_grass":58,"minecraft:copper_ore":87,"minecraft:deepslate_gold_ore":44,"endofherobrine:mossy_stone_bricks":18,"minecraft:diorite":672,"minecraft:birch_leaves":1,"minecraft:gravel":266,"minecraft:gold_ore":20,"undead_revamp2:arapholia":4,"minecraft:spruce_planks":5,"minecraft:oak_sapling":5,"minecraft:grass_block":1023,"minecraft:soul_soil":37,"minecraft:polished_diorite":40,"supplementaries:ash":3,"minecraft:iron_ore":169,"minecraft:azure_bluet":5,"chococraft:gysahl_green":2,"minecraft:spruce_slab":3,"minecraft:deepslate_redstone_ore":115,"mcwfences:andesite_pillar_wall":5,"minecraft:poppy":19,"minecraft:chest":4,"minecraft:cobblestone":63,"minecraft:oak_planks":12,"minecraft:iron_door":3,"minecraft:wall_torch":16,"farmersdelight:sandy_shrub":9,"minecraft:acacia_sapling":1,"minecraft:birch_log":3,"minecraft:birch_trapdoor":1,"born_in_chaos_v1:river_mint":11,"minecraft:oak_log":22,"minecraft:sand":243,"minecraft:dirt":470,"minecraft:oak_leaves":185,"minecraft:tuff":698,"minecraft:deepslate_diamond_ore":77,"minecraft:candle":3,"butchersdelight:rack":4,"minecraft:gray_glazed_terracotta":3,"minecraft:gray_stained_glass_pane":2,"minecraft:glow_lichen":1,"minecraft:polished_andesite_slab":8,"minecraft:birch_slab":1,"minecraft:deepslate_brick_slab":131,"minecraft:furnace":4,"treechop:chopped_log":62,"minecraft:polished_deepslate":1,"minecraft:bookshelf":4,"minecraft:deepslate_iron_ore":30,"minecraft:lantern":3,"minecraft:stripped_acacia_log":1,"minecraft:stripped_oak_log":3,"minecraft:stone":4380,"supplementaries:book_pile_horizontal":2,"minecraft:acacia_leaves":76,"born_in_chaos_v1:marigolds":5,"minecraft:polished_granite":3,"minecraft:crafting_table":3,"minecraft:lapis_ore":12,"minecraft:spruce_stairs":21,"farmersdelight:wild_beetroots":13,"minecraft:gray_wool":35,"minecraft:birch_planks":3,"minecraft:coal_ore":213,"minecraft:cracked_stone_bricks":16},"minecraft:crafted":{"minecraft:birch_slab":6,"butchersdelight:rack":3,"minecraft:deepslate_brick_stairs":104,"minecraft:glass":17,"minecraft:diamond_helmet":1,"minecraft:diamond_leggings":1,"minecraft:iron_door":3,"toughasnails:wool_chestplate":1,"spartanweaponry:stone_boomerang":17,"mcwfences:andesite_pillar_wall":5,"toughasnails:wool_leggings":1,"minecraft:polished_deepslate_slab":252,"comforts:sleeping_bag_gray":1,"usefulbackpacks:backpack_large":2,"minecraft:iron_block":3,"minecraft:gold_ingot":32,"minecraft:stone_shovel":3,"minecraft:iron_nugget":9,"minecraft:bone_meal":27,"appletreesrev:apple_sapling":12,"minecraft:deepslate_brick_wall":78,"minecraft:polished_diorite":244,"securitycraft:universal_block_remover":1,"minecraft:stone_pickaxe":17,"minecraft:diamond_boots":2,"minecraft:redstone_block":36,"ironchest:wood_to_iron_chest_upgrade":18,"minecraft:deepslate_brick_slab":450,"minecraft:polished_granite":188,"ironchest:iron_to_gold_chest_upgrade":4,"minecraft:wooden_axe":2,"minecraft:birch_trapdoor":2,"minecraft:iron_leggings":1,"chococraft:chocobo_saddle":1,"minecraft:white_bed":1,"minecraft:oak_planks":624,"minecraft:cobblestone_slab":72,"minecraft:polished_granite_slab":210,"usefulbackpacks:backpack_small":2,"toughasnails:leaf_leggings":8,"securitycraft:laser_block":2,"minecraft:iron_boots":1,"minecraft:chest":24,"toughasnails:leaf_helmet":5,"minecraft:oak_button":2,"minecraft:birch_button":1,"onlyhammersandexcavators:stone_hammer":47,"minecraft:polished_diorite_slab":60,"toughasnails:leaf_boots":7,"minecraft:oak_slab":6,"minecraft:crafting_table":16,"minecraft:wooden_pickaxe":1,"minecraft:iron_helmet":1,"butchersdelight:cleaver":1,"minecraft:birch_planks":56,"minecraft:iron_chestplate":1,"minecraft:stick":476,"minecraft:iron_ingot":52,"minecraft:stone_sword":12,"minecraft:polished_diorite_stairs":20,"minecraft:deepslate_bricks":520,"minecraft:shears":2,"toughasnails:empty_canteen":2,"securitycraft:universal_block_reinforcer_lvl1":2,"minecraft:polished_andesite":164,"minecraft:cobbled_deepslate_slab":132,"minecraft:furnace":23,"minecraft:polished_andesite_slab":264,"minecraft:glass_pane":16,"minecraft:polished_deepslate":776,"usefulbackpacks:backpack_medium":2,"butchersdelight:hook":1,"toughasnails:leaf_chestplate":10,"minecraft:iron_sword":3,"minecraft:bucket":4,"minecraft:stone_axe":2,"minecraft:air":0,"minecraft:white_wool":4,"onlyhammersandexcavators:stone_excavator":18,"minecraft:anvil":1,"minecraft:andesite":68,"minecraft:acacia_planks":24,"minecraft:torch":544,"minecraft:diamond_chestplate":1},"minecraft:killed_by":{"minecraft:zoglin":1,"sanitydim:rotting_stalker":6,"born_in_chaos_v1:pumpkinhead":2,"minecraft:zombie":5,"undead_revamp2:thepregnant":2,"kim_dweller:kim_dweller":7,"minecraft:husk":4,"born_in_chaos_v1:sir_pumpkinhead_without_horse":1,"undead_revamp2:thespitter":1,"born_in_chaos_v1:maggot":1,"minecraft:zombified_piglin":1,"minecraft:creeper":1,"corpse_stalker:corpse_stalker":2,"minecraft:zombie_horse":1,"minecraft:drowned":6,"mimicer:mimicer":6,"sanitydim:sneaking_terror":4,"thestarvedstalker:the_starved_stalker_aggro":1,"minecraft:player":18,"born_in_chaos_v1:bloody_gadfly":1,"hordes:husk_player":2,"goat_man:goat_man":6,"apollyon:the_damned":3,"undead_revamp2:therod":3,"endofherobrine:silverfish":1},"minecraft:custom":{"minecraft:interact_with_crafting_table":133,"minecraft:open_barrel":1,"minecraft:leave_game":52,"minecraft:time_since_death":114658,"minecraft:play_time":3343610,"minecraft:deaths":211,"tombstone:tomb_raiding":1,"minecraft:jump":15208,"minecraft:interact_with_furnace":79,"minecraft:sleep_in_bed":98,"tombstone:sneak_grave":11,"minecraft:damage_dealt":148786,"tombstone:undead_killed":535,"minecraft:inspect_dispenser":24,"minecraft:horse_one_cm":3059,"minecraft:interact_with_anvil":1,"minecraft:sneak_time":195889,"minecraft:interact_with_lectern":5,"minecraft:total_world_time":3343610,"tombstone:raider_killed":5,"minecraft:tune_noteblock":14,"minecraft:time_since_rest":114319,"minecraft:swim_one_cm":72928,"minecraft:fly_one_cm":6646474,"minecraft:open_chest":1680,"minecraft:fall_one_cm":554358,"minecraft:damage_resisted":45224,"minecraft:sprint_one_cm":3515224,"minecraft:drop":187,"minecraft:play_noteblock":17,"minecraft:talked_to_villager":14,"minecraft:walk_on_water_one_cm":151137,"minecraft:player_kills":11,"minecraft:crouch_one_cm":340264,"tombstone:villager_killed":1,"minecraft:mob_kills":677,"minecraft:damage_dealt_resisted":1691,"minecraft:climb_one_cm":12164,"minecraft:walk_one_cm":2707340,"minecraft:walk_under_water_one_cm":56801,"minecraft:damage_taken":67179,"minecraft:damage_absorbed":40},"minecraft:killed":{"born_in_chaos_v1:mr_pumpkin":6,"born_in_chaos_v1:door_knight_not_despawn":1,"born_in_chaos_v1:sir_the_headless":1,"minecraft:zombie_horse":2,"minecraft:skeleton":2,"undead_revamp2:thespitter":3,"man:managgresive":2,"fear_the_dark:dracoflora":3,"fear_the_dark:the_arm":2,"born_in_chaos_v1:dread_hound_not_despawn":1,"minecraft:pillager":4,"minecraft:zombie":131,"born_in_chaos_v1:corpse_fly":4,"undergarden:dweller":1,"undead_revamp2:thehunter":2,"fear_the_dark:fever_dream":2,"hordes:zombie_player":2,"undead_revamp2:theimmortal":1,"minecraft:vindicator":1,"born_in_chaos_v1:skeleton_thrasher_not_despawn":1,"born_in_chaos_v1:pumpkinhead":1,"minecraft:husk":260,"fear_the_dark:monolith":1,"undead_revamp2:the_moonflower":8,"minecraft:wandering_trader":1,"born_in_chaos_v1:decrepit_skeleton":1,"born_in_chaos_v1:infernal_spirit":1,"born_in_chaos_v1:bloody_gadfly":1,"minecraft:zombified_piglin":86,"minecraft:spider":1,"undead_revamp2:thesmoker":3,"fear_the_dark:scuddler":1,"undead_revamp2:therod":1,"hordes:husk_player":14,"fear_the_dark:maw_manta":1,"born_in_chaos_v1:firelight_not_despawn":1,"minecraft:zombie_villager":4,"born_in_chaos_v1:diamond_termite":14,"undead_revamp2:thebeartamer":1,"minecraft:creeper":2,"fear_the_dark:daunt":1,"minecraft:sheep":3,"undead_revamp2:theordure":1,"born_in_chaos_v1:dread_hound":1,"kim_dweller:kim_dweller":1,"apollyon:the_damned":1,"born_in_chaos_v1:zombie_clown_not_despawn":1,"fear_the_dark:draco_flora_friendly":7,"sanitydim:rotting_stalker":2,"born_in_chaos_v1:maggot":48,"goat_man:goat_man":1,"minecraft:drowned":3,"undead_revamp2:thehorrors":1,"undead_revamp2:sucker":3,"born_in_chaos_v1:spirit_guide_assistant":2},"minecraft:used":{"man:ritualblockoff":1,"minecraft:spruce_slab":3,"minecraft:dispenser":15,"minecraft:chest":28,"minecraft:rotten_flesh":2,"cataclysm:obsidian_brick_wall":33,"securitycraft:keypad_item":11,"ironchest:iron_chest":27,"minecraft:deepslate_brick_slab":595,"born_in_chaos_v1:soul_cutlass":1,"minecraft:acacia_sapling":8,"minecraft:villager_spawn_egg":1,"minecraft:jungle_fence_gate":1,"minecraft:grass_block":61,"undergarden:dweller_spawn_egg":1,"minecraft:furnace":31,"supplementaries:ash":2,"minecraft:oak_sapling":22,"born_in_chaos_v1:pumpkin_bomb_spawn_egg":1,"minecraft:potato":1,"born_in_chaos_v1:skeleton_thrasher_not_despawn_spawn_egg":1,"minecraft:deepslate_brick_wall":48,"ironchest:dirt_chest":1,"born_in_chaos_v1:zombie_lumberjack_spawn_egg":1,"minecraft:diorite":69,"securitycraft:door_indestructible_iron_item":5,"securitycraft:reinforced_polished_granite":3,"minecraft:blackstone_stairs":2,"minecraft:wooden_pickaxe":59,"minecraft:oak_leaves":2,"born_in_chaos_v1:firelight_not_despawn_spawn_egg":1,"minecraft:golden_apple":1,"minecraft:sand":23,"minecraft:acacia_leaves":1,"securitycraft:universal_block_remover":1,"fear_the_dark:maw_manta_spawn_egg":1,"minecraft:gray_concrete":4,"minecraft:deepslate_brick_stairs":109,"minecraft:birch_slab":5,"minecraft:polished_granite":5,"minecraft:polished_andesite_slab":202,"minecraft:dark_oak_fence":1,"minecraft:birch_log":3,"cgm:mini_gun":601,"apollyon:the_damned_spawn_egg":4,"ironchest:wood_to_iron_chest_upgrade":18,"minecraft:stone_sword":1513,"toughasnails:leaf_helmet":3,"toughasnails:leaf_boots":5,"minecraft:torch":530,"spartanweaponry:netherite_longsword":211,"minecraft:anvil":1,"minecraft:jungle_trapdoor":2,"minecraft:polished_granite_slab":191,"minecraft:polished_diorite":224,"fear_the_dark:scuddler_spawn_egg":1,"minecraft:iron_axe":8,"born_in_chaos_v1:zombie_fisherman_spawn_egg":1,"cgm:grenade_launcher":6,"minecraft:gray_glazed_terracotta":3,"tombstone:gift":7,"minecraft:trapped_chest":2,"undead_revamp2:arapholia":3,"comforts:sleeping_bag_white":3,"minecraft:cobbled_deepslate":1099,"minecraft:observer":28,"securitycraft:reinforced_polished_granite_slab":1,"minecraft:water_bucket":15,"securitycraft:blacklist_module":9,"minecraft:birch_planks":5,"cgm:pistol":24,"appletreesrev:apple_sapling":17,"fear_the_dark:arborial_colossus_2_spawn_egg":1,"minecraft:deepslate_bricks":73,"minecraft:polished_deepslate_slab":181,"minecraft:mossy_cobblestone":6,"minecraft:comparator":4,"minecraft:oak_slab":1,"minecraft:crafting_table":19,"minecraft:red_bed":13,"minecraft:white_bed":18,"minecraft:oak_log":10,"minecraft:ender_eye":16,"minecraft:diamond_pickaxe":764,"fear_the_dark:monolith_spawn_egg":1,"chococraft:gysahl_green_seeds":2,"minecraft:oak_button":2,"minecraft:iron_pickaxe":6,"cgm:grenade":10,"toughasnails:leaf_chestplate":5,"minecraft:green_carpet":29,"minecraft:cobblestone":444,"minecraft:stripped_oak_log":1,"minecraft:dandelion":1,"minecraft:candle":4,"pocket_pets:nigriceps_ant_leg":1,"securitycraft:reinforced_deepslate_brick_slab":10,"securitycraft:reinforced_polished_diorite_slab":2,"minecraft:polished_deepslate":1,"minecraft:diamond_hoe":2,"minecraft:iron_sword":493,"butchersdelight:hook":3,"minecraft:iron_chestplate":1,"minecraft:tuff":46,"minecraft:obsidian":14,"born_in_chaos_v1:corpse_maggot":3,"minecraft:glass":7,"thestarvedstalker:the_starved_stalker_spawn_egg":1,"minecraft:lantern":5,"onlyhammersandexcavators:stone_hammer":17440,"minecraft:stone_bricks":1,"minecraft:bedrock":3,"minecraft:birch_button":1,"minecraft:birch_trapdoor":3,"minecraft:golden_sword":6,"minecraft:repeater":21,"ironchest:obsidian_chest":3,"minecraft:polished_diorite_stairs":11,"thestarvedstalker:hungering_soil":1,"securitycraft:reinforced_polished_andesite_slab":1,"cgm:heavy_rifle":2,"fear_the_dark:the_arm_spawn_egg":2,"onlyhammersandexcavators:gold_hammer":7,"minecraft:stone_pickaxe":1387,"minecraft:jungle_fence":2,"minecraft:oak_planks":39,"minecraft:polished_diorite_slab":37,"fear_the_dark:dracoflora_eggseed":7,"mcwfences:andesite_pillar_wall":5,"fear_the_dark:daunt_spawn_egg":1,"fear_the_dark:dracoflora_spawn_egg":3,"onlyhammersandexcavators:stone_excavator":1707,"spartanweaponry:iron_flanged_mace":81,"cgm:bazooka":2,"minecraft:black_bed":2,"minecraft:shears":240,"minecraft:redstone_torch":19,"minecraft:sticky_piston":18,"minecraft:daylight_detector":2,"tombstone:grave_key":18,"minecraft:iron_door":6,"ironchest:iron_to_gold_chest_upgrade":4,"minecraft:deepslate":302,"minecraft:gravel":12,"minecraft:andesite":18,"chococraft:gysahl_green":1,"born_in_chaos_v1:zombie_clown_not_despawn_spawn_egg":1,"minecraft:air":3,"minecraft:bone_meal":29,"minecraft:cobweb":5,"minecraft:flint_and_steel":2,"minecraft:stone_shovel":246,"securitycraft:keypad_chest":3,"minecraft:redstone":103,"undead_revamp2:blacpetalblock":2,"minecraft:spruce_planks":4,"minecraft:dirt":683,"ironchest:diamond_chest":25,"cgm:workbench":1,"toughasnails:empty_canteen":2,"minecraft:spruce_stairs":20,"cgm:rifle":4,"minecraft:granite":82,"minecraft:wooden_axe":62,"born_in_chaos_v1:dread_hound_not_despawn_spawn_egg":1,"spartanweaponry:iron_rapier":25,"minecraft:iron_boots":1,"minecraft:soul_soil":1,"spartanweaponry:iron_battle_hammer":93,"ironchest:gold_chest":26,"minecraft:granite_wall":1,"minecraft:cooked_beef":2,"born_in_chaos_v1:door_knight_not_despawn_spawn_egg":1,"minecraft:iron_leggings":1,"toughasnails:leaf_leggings":3,"minecraft:cobblestone_slab":3,"born_in_chaos_v1:zombie_bruiser_spawn_egg":1,"minecraft:book":18,"tombstone:bag_of_seeds":5,"minecraft:piston":11,"minecraft:command_block":2,"spartanweaponry:stone_boomerang":421,"mcwfences:diorite_pillar_wall":4,"comforts:sleeping_bag_gray":20,"minecraft:stone_axe":441,"minecraft:cobbled_deepslate_slab":37,"minecraft:white_banner":1,"born_in_chaos_v1:infernal_spirit_spawn_egg":1,"minecraft:bucket":20,"minecraft:gray_wool":1,"butchersdelight:rack":7,"born_in_chaos_v1:decaying_zombie_not_despawn_spawn_egg":1}},"DataVersion":3120}