{"stats":{"minecraft:dropped":{"minecraft:emerald":20,"minecraft:dirt":2,"minecraft:gray_concrete":2,"minecraft:dark_oak_wood":2,"minecraft:bone":2,"minecraft:gravel":5,"onlyhammersandexcavators:stone_hammer":5,"minecraft:cobbled_deepslate":3070,"minecraft:beetroot":3,"minecraft:poppy":4,"spartanweaponry:stone_boomerang":11,"born_in_chaos_v1:corpse_maggot":2,"minecraft:oak_slab":5,"minecraft:wheat_seeds":12,"minecraft:cobblestone":396,"minecraft:diorite":177,"minecraft:torch":84,"minecraft:smooth_stone":3,"minecraft:bucket":3,"toughasnails:leaf_chestplate":1,"minecraft:stone_sword":2,"minecraft:tuff":59,"minecraft:flint_and_steel":1,"minecraft:andesite":12,"minecraft:stone_pickaxe":6},"minecraft:killed_by":{"minecraft:creeper":1,"corpse_stalker:corpse_stalker":1,"minecraft:drowned":4,"sanitydim:rotting_stalker":1,"mimicer:mimicer":4,"sanitydim:sneaking_terror":3,"minecraft:zombie":4,"kim_dweller:kim_dweller":1,"minecraft:husk":1,"thestarvedstalker:the_starved_stalker_aggro":1,"minecraft:player":2,"hordes:husk_player":1,"goat_man:goat_man":3,"born_in_chaos_v1:maggot":1},"minecraft:picked_up":{"toughasnails:leaf_leggings":3,"minecraft:wither_rose":4,"minecraft:stone_brick_stairs":2,"pocket_pets:nigriceps_ant_leg":1,"minecraft:golden_sword":6,"born_in_chaos_v1:black_argillite":6,"minecraft:string":3,"minecraft:soul_soil":36,"minecraft:raw_copper":498,"minecraft:netherite_ingot":2,"minecraft:experience_bottle":1,"minecraft:beetroot":6,"minecraft:sea_pickle":1,"minecraft:cobbled_deepslate":8484,"minecraft:gold_nugget":8,"minecraft:smooth_stone":3,"minecraft:bucket":5,"minecraft:spruce_planks":5,"toughasnails:leaf_boots":1,"minecraft:redstone_torch":2,"minecraft:iron_pickaxe":1,"spartanweaponry:iron_flanged_mace":2,"minecraft:furnace":1,"minecraft:golden_helmet":1,"minecraft:stick":93,"minecraft:birch_trapdoor":1,"minecraft:torch":238,"minecraft:acacia_log":44,"minecraft:spruce_stairs":22,"tombstone:grave_dust":39,"minecraft:diorite":569,"minecraft:stone_sword":13,"minecraft:rotten_flesh":478,"supplementaries:ash":1,"minecraft:deepslate_brick_stairs":8,"minecraft:blackstone_stairs":2,"undead_revamp2:arapholia":5,"minecraft:cobblestone":2458,"minecraft:nautilus_shell":1,"minecraft:birch_log":43,"minecraft:polished_diorite_slab":6,"minecraft:iron_door":3,"minecraft:birch_slab":1,"minecraft:andesite":266,"minecraft:acacia_leaves":76,"minecraft:golden_leggings":1,"minecraft:beacon":1,"minecraft:potato":4,"butchersdelight:deadpig":3,"minecraft:flint":7,"minecraft:tuff":523,"minecraft:lantern":5,"minecraft:gray_concrete":10,"minecraft:lapis_lazuli":167,"minecraft:dirt":1212,"spartanweaponry:iron_rapier":1,"born_in_chaos_v1:marigolds":4,"minecraft:leather_boots":2,"minecraft:bone":5,"minecraft:granite_wall":1,"undead_revamp2:blacpetalblock":3,"minecraft:bow":1,"spartanweaponry:iron_greatsword":2,"minecraft:wheat_seeds":76,"minecraft:deepslate_brick_slab":53,"minecraft:raw_gold":114,"minecraft:cobbled_deepslate_slab":97,"thestarvedstalker:hungering_soil":3,"minecraft:oak_planks":61,"spartanweaponry:iron_saber":1,"minecraft:gray_glazed_terracotta":4,"minecraft:sand":35,"minecraft:mossy_cobblestone":6,"minecraft:bundle":14,"minecraft:stripped_acacia_log":3,"born_in_chaos_v1:fire_dust":1,"minecraft:diamond":191,"minecraft:lever":1,"minecraft:polished_granite_slab":3,"minecraft:granite":111,"minecraft:grass":12,"minecraft:emerald":20,"butchersdelight:deadllama":3,"minecraft:bread":2,"minecraft:oak_sapling":102,"minecraft:dark_oak_fence":1,"minecraft:oak_leaves":98,"minecraft:cocoa_beans":1,"minecraft:charcoal":2,"minecraft:crafting_table":3,"born_in_chaos_v1:diamond_termite_shard":12,"minecraft:azure_bluet":4,"born_in_chaos_v1:river_mint":11,"minecraft:chain":5,"minecraft:cornflower":3,"minecraft:jungle_trapdoor":2,"minecraft:red_bed":13,"minecraft:flint_and_steel":1,"minecraft:iron_shovel":1,"butchersdelight:dead_cow":8,"onlyhammersandexcavators:stone_excavator":2,"born_in_chaos_v1:gnawed_bones":4,"minecraft:poppy":4,"minecraft:spruce_slab":3,"minecraft:chest":1,"minecraft:birch_sapling":18,"minecraft:raw_iron":333,"minecraft:note_block":5,"minecraft:jungle_fence_gate":1,"born_in_chaos_v1:pieceofdarkmetal":2,"minecraft:carrot":5,"minecraft:redstone":561,"butchersdelight:deadsheep":4,"minecraft:arrow":4,"minecraft:beetroot_seeds":15,"minecraft:deepslate_bricks":6,"tombstone:essence_of_undeath":3,"minecraft:white_wool":3,"minecraft:oxeye_daisy":3,"born_in_chaos_v1:fused_bone":1,"minecraft:stripped_oak_log":2,"born_in_chaos_v1:corpse_maggot":32,"minecraft:leather":1,"minecraft:jungle_fence":2,"spartanweaponry:iron_longsword":2,"minecraft:birch_planks":3,"fear_the_dark:dracoflora_eggseed":7,"minecraft:oak_log":184,"minecraft:chainmail_chestplate":2,"minecraft:golden_boots":1,"minecraft:gunpowder":4,"minecraft:white_banner":1,"mcwfences:andesite_pillar_wall":5,"butchersdelight:deadchiken":3,"minecraft:apple":40,"minecraft:iron_ingot":2,"minecraft:stone_pickaxe":7,"comforts:sleeping_bag_gray":7,"tombstone:bag_of_seeds":4,"spartanweaponry:iron_dagger":5,"minecraft:polished_andesite_slab":9,"minecraft:iron_sword":2,"minecraft:acacia_sapling":25,"minecraft:book":14,"toughasnails:leaf_chestplate":4,"minecraft:pumpkin":3,"minecraft:dandelion":16,"minecraft:gravel":88,"minecraft:lava_bucket":1,"minecraft:white_bed":8,"minecraft:green_carpet":29,"minecraft:spider_eye":1,"spartanweaponry:iron_battle_hammer":2,"minecraft:polished_diorite":13,"minecraft:stone_axe":2,"minecraft:gray_wool":35,"onlyhammersandexcavators:stone_hammer":2,"tombstone:magic_scroll":7,"minecraft:dark_oak_wood":2,"minecraft:coal":278},"minecraft:mined":{"undead_revamp2:arapholia":4,"minecraft:polished_granite_slab":3,"minecraft:spruce_planks":5,"minecraft:blackstone_stairs":2,"minecraft:white_bed":8,"minecraft:granite":154,"minecraft:acacia_log":10,"minecraft:grass_block":960,"minecraft:deepslate_bricks":6,"minecraft:soul_soil":37,"minecraft:polished_diorite":13,"minecraft:oxeye_daisy":3,"minecraft:iron_ore":135,"minecraft:cobbled_deepslate":105,"minecraft:fire":1,"minecraft:pumpkin":3,"minecraft:deepslate_lapis_ore":4,"minecraft:azure_bluet":4,"minecraft:deepslate_brick_stairs":8,"minecraft:green_carpet":29,"minecraft:spruce_slab":3,"minecraft:jungle_trapdoor":2,"minecraft:deepslate_redstone_ore":88,"minecraft:red_bed":12,"mcwfences:andesite_pillar_wall":5,"minecraft:torch":26,"minecraft:note_block":6,"minecraft:dark_oak_wood":2,"minecraft:poppy":2,"minecraft:chest":1,"minecraft:polished_diorite_slab":6,"minecraft:cobblestone":47,"minecraft:oak_planks":10,"minecraft:iron_door":3,"minecraft:wall_torch":9,"minecraft:chain":5,"farmersdelight:sandy_shrub":9,"minecraft:birch_log":3,"minecraft:birch_trapdoor":1,"born_in_chaos_v1:river_mint":11,"minecraft:stone_brick_stairs":2,"minecraft:grass":556,"minecraft:oak_log":10,"minecraft:sand":15,"minecraft:dirt":281,"minecraft:oak_leaves":124,"minecraft:deepslate":8400,"minecraft:tuff":514,"minecraft:mossy_cobblestone":6,"minecraft:deepslate_diamond_ore":68,"minecraft:gray_glazed_terracotta":3,"minecraft:gray_stained_glass_pane":2,"minecraft:glow_lichen":1,"minecraft:cobbled_deepslate_slab":2,"born_in_chaos_v1:black_argillite":8,"minecraft:polished_andesite_slab":8,"minecraft:birch_slab":1,"minecraft:deepslate_brick_slab":54,"minecraft:redstone_ore":5,"minecraft:furnace":1,"minecraft:andesite":433,"treechop:chopped_log":36,"comforts:sleeping_bag_gray":2,"minecraft:bookshelf":4,"minecraft:deepslate_iron_ore":19,"minecraft:lantern":3,"minecraft:stripped_acacia_log":1,"minecraft:stripped_oak_log":2,"minecraft:stone":3873,"supplementaries:book_pile_horizontal":2,"thestarvedstalker:hungering_soil":3,"minecraft:acacia_leaves":76,"minecraft:gray_concrete":6,"born_in_chaos_v1:marigolds":4,"minecraft:dandelion":17,"minecraft:crafting_table":3,"minecraft:cornflower":3,"undead_revamp2:blacpetalblock":2,"minecraft:campfire":1,"minecraft:copper_ore":73,"minecraft:tall_grass":29,"minecraft:lapis_ore":12,"minecraft:deepslate_gold_ore":36,"minecraft:diorite":650,"minecraft:spruce_stairs":21,"farmersdelight:wild_beetroots":13,"minecraft:gray_wool":35,"minecraft:birch_planks":3,"minecraft:birch_leaves":1,"minecraft:coal_ore":159,"minecraft:gravel":93,"minecraft:gold_ore":20},"minecraft:crafted":{"minecraft:oak_planks":316,"minecraft:cobblestone_slab":72,"minecraft:polished_granite_slab":24,"minecraft:birch_slab":6,"toughasnails:leaf_leggings":3,"minecraft:deepslate_brick_stairs":60,"minecraft:diamond_helmet":1,"minecraft:diamond_leggings":1,"minecraft:iron_boots":1,"minecraft:chest":10,"toughasnails:leaf_helmet":2,"minecraft:iron_door":3,"toughasnails:wool_chestplate":1,"minecraft:birch_button":1,"onlyhammersandexcavators:stone_hammer":32,"minecraft:polished_diorite_slab":60,"spartanweaponry:stone_boomerang":17,"minecraft:oak_slab":6,"toughasnails:leaf_boots":2,"minecraft:crafting_table":8,"minecraft:wooden_pickaxe":1,"minecraft:iron_helmet":1,"mcwfences:andesite_pillar_wall":5,"toughasnails:wool_leggings":1,"butchersdelight:cleaver":1,"minecraft:birch_planks":56,"comforts:sleeping_bag_gray":1,"minecraft:iron_chestplate":1,"minecraft:stick":272,"minecraft:iron_ingot":32,"minecraft:iron_block":3,"minecraft:stone_sword":11,"minecraft:deepslate_bricks":512,"minecraft:shears":1,"minecraft:polished_andesite":136,"minecraft:cobbled_deepslate_slab":132,"minecraft:stone_shovel":3,"minecraft:iron_nugget":9,"minecraft:furnace":15,"minecraft:polished_andesite_slab":210,"minecraft:deepslate_brick_wall":36,"minecraft:polished_diorite":244,"minecraft:polished_deepslate":512,"minecraft:stone_pickaxe":17,"minecraft:diamond_boots":2,"butchersdelight:hook":1,"toughasnails:leaf_chestplate":4,"minecraft:deepslate_brick_slab":444,"minecraft:iron_sword":1,"minecraft:polished_granite":12,"minecraft:bucket":4,"minecraft:stone_axe":2,"minecraft:air":0,"onlyhammersandexcavators:stone_excavator":6,"minecraft:wooden_axe":2,"minecraft:birch_trapdoor":2,"minecraft:iron_leggings":1,"minecraft:anvil":1,"minecraft:white_bed":1,"minecraft:andesite":42,"minecraft:torch":544,"minecraft:diamond_chestplate":1},"minecraft:broken":{"toughasnails:leaf_boots":3,"toughasnails:leaf_chestplate":4,"minecraft:shears":1,"minecraft:stone_pickaxe":8,"minecraft:golden_sword":3,"minecraft:stone_axe":1,"minecraft:wooden_axe":1,"minecraft:stone_shovel":1,"toughasnails:leaf_leggings":4,"minecraft:stone_sword":5,"onlyhammersandexcavators:stone_excavator":1,"minecraft:wooden_pickaxe":1,"onlyhammersandexcavators:stone_hammer":22,"toughasnails:leaf_helmet":3},"minecraft:custom":{"minecraft:interact_with_crafting_table":77,"minecraft:open_barrel":1,"minecraft:leave_game":33,"minecraft:time_since_death":17045,"minecraft:damage_resisted":39830,"minecraft:sprint_one_cm":1754187,"minecraft:drop":128,"minecraft:play_noteblock":17,"minecraft:talked_to_villager":11,"minecraft:play_time":2107486,"minecraft:deaths":115,"minecraft:jump":7314,"minecraft:walk_on_water_one_cm":89767,"minecraft:interact_with_furnace":49,"minecraft:sleep_in_bed":42,"tombstone:sneak_grave":4,"minecraft:damage_dealt":102823,"minecraft:player_kills":1,"minecraft:crouch_one_cm":261523,"tombstone:undead_killed":336,"minecraft:inspect_dispenser":24,"minecraft:mob_kills":452,"minecraft:damage_dealt_resisted":1443,"minecraft:climb_one_cm":8312,"minecraft:walk_one_cm":1534296,"minecraft:sneak_time":150857,"minecraft:walk_under_water_one_cm":35127,"minecraft:interact_with_lectern":5,"minecraft:total_world_time":2107486,"tombstone:raider_killed":3,"minecraft:tune_noteblock":9,"minecraft:time_since_rest":12440,"minecraft:damage_taken":36934,"minecraft:damage_absorbed":40,"minecraft:swim_one_cm":29934,"minecraft:fly_one_cm":4047189,"minecraft:open_chest":660,"minecraft:fall_one_cm":252569},"minecraft:killed":{"minecraft:zombified_piglin":39,"born_in_chaos_v1:door_knight_not_despawn":1,"minecraft:spider":1,"undead_revamp2:thesmoker":1,"fear_the_dark:scuddler":1,"minecraft:skeleton":2,"hordes:husk_player":7,"fear_the_dark:maw_manta":1,"born_in_chaos_v1:firelight_not_despawn":1,"undead_revamp2:thespitter":1,"minecraft:zombie_villager":4,"born_in_chaos_v1:diamond_termite":14,"man:managgresive":2,"fear_the_dark:dracoflora":3,"fear_the_dark:the_arm":2,"born_in_chaos_v1:dread_hound_not_despawn":1,"undead_revamp2:thebeartamer":1,"minecraft:creeper":2,"fear_the_dark:daunt":1,"minecraft:sheep":3,"minecraft:pillager":2,"minecraft:zombie":116,"born_in_chaos_v1:corpse_fly":2,"kim_dweller:kim_dweller":1,"undergarden:dweller":1,"apollyon:the_damned":1,"undead_revamp2:thehunter":2,"undead_revamp2:theimmortal":1,"fear_the_dark:fever_dream":2,"born_in_chaos_v1:zombie_clown_not_despawn":1,"fear_the_dark:draco_flora_friendly":7,"minecraft:vindicator":1,"sanitydim:rotting_stalker":2,"born_in_chaos_v1:skeleton_thrasher_not_despawn":1,"born_in_chaos_v1:maggot":38,"minecraft:drowned":2,"undead_revamp2:sucker":3,"minecraft:husk":147,"born_in_chaos_v1:spirit_guide_assistant":2,"fear_the_dark:monolith":1,"undead_revamp2:the_moonflower":4,"born_in_chaos_v1:infernal_spirit":1,"born_in_chaos_v1:bloody_gadfly":1},"minecraft:used":{"minecraft:dispenser":15,"minecraft:spruce_slab":3,"minecraft:chest":11,"butchersdelight:hook":1,"minecraft:iron_sword":22,"minecraft:rotten_flesh":2,"minecraft:iron_chestplate":1,"cataclysm:obsidian_brick_wall":33,"minecraft:deepslate_brick_slab":447,"minecraft:tuff":45,"born_in_chaos_v1:corpse_maggot":1,"minecraft:villager_spawn_egg":1,"minecraft:grass_block":12,"thestarvedstalker:the_starved_stalker_spawn_egg":1,"minecraft:jungle_fence_gate":1,"minecraft:lantern":5,"undergarden:dweller_spawn_egg":1,"onlyhammersandexcavators:stone_hammer":14677,"minecraft:stone_bricks":1,"minecraft:bedrock":3,"minecraft:golden_sword":6,"minecraft:birch_trapdoor":3,"minecraft:birch_button":1,"minecraft:repeater":21,"minecraft:oak_sapling":4,"minecraft:furnace":10,"born_in_chaos_v1:pumpkin_bomb_spawn_egg":1,"minecraft:deepslate_brick_wall":21,"fear_the_dark:the_arm_spawn_egg":2,"born_in_chaos_v1:skeleton_thrasher_not_despawn_spawn_egg":1,"born_in_chaos_v1:zombie_lumberjack_spawn_egg":1,"minecraft:diorite":69,"minecraft:oak_planks":37,"minecraft:stone_pickaxe":1217,"minecraft:jungle_fence":2,"minecraft:blackstone_stairs":2,"minecraft:polished_diorite_slab":36,"fear_the_dark:dracoflora_eggseed":7,"minecraft:wooden_pickaxe":59,"mcwfences:andesite_pillar_wall":5,"minecraft:oak_leaves":2,"minecraft:golden_apple":1,"born_in_chaos_v1:firelight_not_despawn_spawn_egg":1,"fear_the_dark:daunt_spawn_egg":1,"minecraft:sand":23,"fear_the_dark:dracoflora_spawn_egg":3,"onlyhammersandexcavators:stone_excavator":1094,"minecraft:acacia_leaves":1,"fear_the_dark:maw_manta_spawn_egg":1,"minecraft:gray_concrete":4,"minecraft:shears":186,"minecraft:deepslate_brick_stairs":68,"minecraft:redstone_torch":19,"minecraft:sticky_piston":18,"minecraft:daylight_detector":2,"minecraft:birch_slab":5,"tombstone:grave_key":5,"minecraft:deepslate":301,"minecraft:iron_door":6,"minecraft:gravel":7,"minecraft:polished_andesite_slab":195,"minecraft:dark_oak_fence":1,"minecraft:andesite":16,"minecraft:birch_log":3,"born_in_chaos_v1:zombie_clown_not_despawn_spawn_egg":1,"apollyon:the_damned_spawn_egg":1,"minecraft:stone_sword":817,"toughasnails:leaf_helmet":1,"minecraft:flint_and_steel":2,"minecraft:stone_shovel":243,"minecraft:redstone":103,"undead_revamp2:blacpetalblock":2,"minecraft:spruce_planks":4,"toughasnails:leaf_boots":2,"minecraft:torch":410,"spartanweaponry:netherite_longsword":211,"minecraft:dirt":445,"minecraft:anvil":1,"minecraft:spruce_stairs":20,"minecraft:polished_granite_slab":27,"minecraft:jungle_trapdoor":2,"minecraft:granite":34,"minecraft:polished_diorite":189,"fear_the_dark:scuddler_spawn_egg":1,"minecraft:wooden_axe":62,"born_in_chaos_v1:dread_hound_not_despawn_spawn_egg":1,"born_in_chaos_v1:zombie_fisherman_spawn_egg":1,"minecraft:iron_boots":1,"minecraft:gray_glazed_terracotta":3,"minecraft:soul_soil":1,"undead_revamp2:arapholia":3,"tombstone:gift":6,"comforts:sleeping_bag_white":3,"minecraft:granite_wall":1,"minecraft:cooked_beef":2,"minecraft:cobbled_deepslate":840,"minecraft:observer":28,"born_in_chaos_v1:door_knight_not_despawn_spawn_egg":1,"minecraft:iron_leggings":1,"minecraft:water_bucket":15,"toughasnails:leaf_leggings":2,"minecraft:birch_planks":5,"minecraft:cobblestone_slab":3,"fear_the_dark:arborial_colossus_2_spawn_egg":1,"minecraft:deepslate_bricks":67,"minecraft:mossy_cobblestone":6,"minecraft:comparator":4,"minecraft:crafting_table":11,"born_in_chaos_v1:zombie_bruiser_spawn_egg":1,"minecraft:oak_slab":1,"minecraft:red_bed":13,"minecraft:white_bed":15,"minecraft:book":14,"tombstone:bag_of_seeds":3,"minecraft:oak_log":9,"minecraft:piston":11,"minecraft:ender_eye":16,"minecraft:diamond_pickaxe":602,"fear_the_dark:monolith_spawn_egg":1,"minecraft:command_block":2,"spartanweaponry:stone_boomerang":413,"toughasnails:leaf_chestplate":2,"comforts:sleeping_bag_gray":10,"minecraft:stone_axe":254,"minecraft:green_carpet":29,"minecraft:cobblestone":359,"minecraft:cobbled_deepslate_slab":37,"born_in_chaos_v1:infernal_spirit_spawn_egg":1,"minecraft:bucket":18,"minecraft:gray_wool":1,"born_in_chaos_v1:decaying_zombie_not_despawn_spawn_egg":1,"pocket_pets:nigriceps_ant_leg":1}},"DataVersion":3120}