{"stats":{"minecraft:used":{"minecraft:apple":2,"minecraft:stone_sword":2,"minecraft:dirt":4,"tombstone:gift":4,"minecraft:white_bed":1,"minecraft:shears":89},"minecraft:mined":{"minecraft:acacia_leaves":89,"minecraft:white_bed":1,"minecraft:soul_torch":1,"minecraft:grass":4,"minecraft:grass_block":4,"minecraft:dirt":1,"minecraft:tall_grass":1,"appletreesrev:apple_plant":7,"minecraft:oak_leaves":8},"minecraft:dropped":{"minecraft:iron_ingot":1,"tombstone:grave_dust":1},"minecraft:killed_by":{"minecraft:husk":1,"apollyon:the_damned":1,"minecraft:player":1,"kim_dweller:kim_dweller":1,"thestarvedstalker:hungrejaw":1,"minecraft:skeleton":1,"mimicer:mimicer":1,"minecraft:zombie":1,"born_in_chaos_v1:corpse_fish":1,"born_in_chaos_v1:zombie_bruiser":1},"minecraft:custom":{"minecraft:time_since_rest":817,"minecraft:sprint_one_cm":261228,"minecraft:damage_taken":3790,"minecraft:walk_one_cm":214861,"minecraft:drop":2,"minecraft:damage_dealt":161,"minecraft:swim_one_cm":6874,"minecraft:interact_with_crafting_table":4,"minecraft:tune_noteblock":3,"minecraft:fly_one_cm":345409,"minecraft:open_chest":25,"minecraft:crouch_one_cm":832,"minecraft:play_time":74107,"minecraft:deaths":13,"minecraft:sneak_time":128,"minecraft:walk_under_water_one_cm":5859,"minecraft:interact_with_lectern":1,"minecraft:jump":1663,"minecraft:interact_with_grindstone":1,"minecraft:leave_game":1,"minecraft:walk_on_water_one_cm":8566,"minecraft:time_since_death":0,"minecraft:climb_one_cm":2041,"minecraft:total_world_time":74107,"minecraft:fall_one_cm":39046},"minecraft:picked_up":{"toughasnails:leaf_leggings":1,"toughasnails:leaf_chestplate":1,"minecraft:acacia_leaves":84,"toughasnails:leaf_helmet":1,"minecraft:soul_torch":1,"minecraft:white_bed":1,"minecraft:dirt":4,"man:tearoftheman":1,"minecraft:rotten_flesh":1,"minecraft:apple":10,"toughasnails:leaf_boots":1,"supplementaries:ash":1,"undead_revamp2:arapholia":1},"minecraft:broken":{"toughasnails:leaf_helmet":2,"toughasnails:leaf_boots":1},"minecraft:crafted":{"toughasnails:leaf_boots":3,"toughasnails:leaf_chestplate":2,"toughasnails:leaf_helmet":2,"minecraft:shears":2,"toughasnails:leaf_leggings":2}},"DataVersion":3120}