{"stats":{"minecraft:picked_up":{"toughasnails:leaf_leggings":1,"toughasnails:leaf_chestplate":1,"minecraft:dark_oak_button":1,"minecraft:acacia_leaves":84,"toughasnails:leaf_helmet":1,"minecraft:soul_torch":1,"minecraft:white_bed":1,"minecraft:dirt":4,"man:tearoftheman":1,"minecraft:rotten_flesh":1,"minecraft:apple":10,"toughasnails:leaf_boots":1,"supplementaries:ash":1,"minecraft:oak_sapling":1,"undead_revamp2:arapholia":1},"minecraft:custom":{"minecraft:time_since_rest":1370,"minecraft:damage_taken":4615,"minecraft:sprint_one_cm":305589,"minecraft:walk_one_cm":236432,"minecraft:drop":2,"minecraft:damage_dealt":191,"minecraft:interact_with_crafting_table":4,"minecraft:player_kills":2,"minecraft:swim_one_cm":12692,"minecraft:tune_noteblock":3,"minecraft:fly_one_cm":397095,"minecraft:open_barrel":1,"minecraft:open_chest":32,"minecraft:crouch_one_cm":832,"minecraft:play_time":85404,"minecraft:deaths":15,"minecraft:sneak_time":133,"minecraft:walk_under_water_one_cm":7298,"minecraft:interact_with_lectern":1,"minecraft:jump":1905,"minecraft:interact_with_grindstone":1,"minecraft:leave_game":3,"minecraft:time_since_death":3769,"minecraft:walk_on_water_one_cm":10035,"minecraft:total_world_time":85404,"minecraft:climb_one_cm":2357,"minecraft:fall_one_cm":49976},"minecraft:broken":{"toughasnails:leaf_helmet":2,"toughasnails:leaf_boots":1},"minecraft:crafted":{"toughasnails:leaf_boots":3,"toughasnails:leaf_chestplate":2,"toughasnails:leaf_helmet":2,"minecraft:shears":2,"toughasnails:leaf_leggings":2},"minecraft:dropped":{"minecraft:iron_ingot":1,"tombstone:grave_dust":1},"minecraft:used":{"minecraft:stone_sword":2,"minecraft:apple":2,"minecraft:bread":2,"minecraft:dark_oak_button":1,"minecraft:dirt":4,"supplementaries:bomb":1,"tombstone:gift":4,"minecraft:white_bed":1,"minecraft:shears":89},"minecraft:mined":{"minecraft:acacia_leaves":89,"minecraft:white_bed":1,"minecraft:soul_torch":1,"minecraft:grass":4,"minecraft:grass_block":4,"minecraft:dirt":1,"appletreesrev:apple_plant":7,"minecraft:tall_grass":1,"minecraft:oak_leaves":11},"minecraft:killed_by":{"minecraft:husk":1,"apollyon:the_damned":1,"minecraft:player":2,"kim_dweller:kim_dweller":1,"thestarvedstalker:hungrejaw":1,"minecraft:skeleton":1,"mimicer:mimicer":1,"minecraft:zombie":1,"born_in_chaos_v1:corpse_fish":1,"born_in_chaos_v1:zombie_bruiser":1}},"DataVersion":3120}