{"stats":{"minecraft:used":{"minecraft:stone_sword":125,"minecraft:flint_and_steel":26,"minecraft:polished_blackstone":5,"minecraft:redstone":143,"minecraft:iron_sword":214,"minecraft:brown_concrete":2,"minecraft:rotten_flesh":1,"minecraft:stick":1,"minecraft:torch":104,"minecraft:dirt":242,"minecraft:polished_granite_slab":1,"minecraft:tuff":1,"minecraft:glass":7,"born_in_chaos_v1:corpse_maggot":18,"thestarvedstalker:the_starved_stalker_spawn_egg":1,"minecraft:lantern":24,"onlyhammersandexcavators:stone_hammer":1922,"minecraft:birch_button":1,"minecraft:repeater":32,"minecraft:gray_glazed_terracotta":2,"minecraft:furnace":3,"tombstone:gift":8,"minecraft:cobbled_deepslate":265,"minecraft:observer":20,"spartanweaponry:iron_greatsword":4,"minecraft:water_bucket":19,"minecraft:birch_planks":1,"minecraft:stone_pickaxe":273,"minecraft:polished_andesite":1,"spartanweaponry:iron_boomerang":3,"spartanweaponry:dynamite":9,"minecraft:golden_apple":3,"minecraft:red_bed":10,"minecraft:tnt":65,"minecraft:white_bed":6,"minecraft:campfire":2,"minecraft:gray_concrete":10,"minecraft:black_bed":1,"minecraft:shears":170,"minecraft:redstone_torch":15,"minecraft:oak_log":4,"minecraft:lever":1,"minecraft:apple":23,"spartanweaponry:iron_dagger":2,"minecraft:command_block":6,"minecraft:iron_pickaxe":1,"minecraft:bread":2,"eeeabsmobs:netherworld_katana":6,"spartanweaponry:stone_boomerang":49,"minecraft:deepslate":105,"minecraft:gravel":2,"minecraft:green_carpet":1,"minecraft:cobblestone":15,"minecraft:dark_oak_fence":4,"minecraft:andesite":3,"minecraft:andesite_stairs":2,"minecraft:bucket":19},"minecraft:mined":{"minecraft:polished_granite_slab":2,"minecraft:tuff":22,"minecraft:white_bed":6,"minecraft:gray_glazed_terracotta":3,"minecraft:glow_lichen":1,"minecraft:granite":98,"minecraft:grass_block":20,"minecraft:smooth_stone":3,"minecraft:iron_ore":5,"minecraft:fire":7,"minecraft:cobbled_deepslate":59,"minecraft:deepslate_lapis_ore":4,"supplementaries:stick":1,"minecraft:deepslate_iron_ore":2,"minecraft:green_carpet":2,"minecraft:stone":5,"minecraft:acacia_leaves":64,"minecraft:gray_concrete":3,"minecraft:soul_torch":1,"minecraft:torch":4,"appletreesrev:apple_plant":9,"minecraft:campfire":1,"minecraft:tall_grass":12,"minecraft:cobblestone":2,"minecraft:wall_torch":3,"supplementaries:urn":1,"born_in_chaos_v1:river_mint":10,"minecraft:grass":222,"minecraft:gravel":22,"minecraft:dirt":26,"minecraft:gray_carpet":1,"minecraft:cobweb":12,"minecraft:polished_blackstone":4,"minecraft:oak_leaves":109,"minecraft:deepslate":1687},"minecraft:dropped":{"minecraft:wheat_seeds":13,"spartanweaponry:iron_boomerang":1,"securitycraft:reinforced_polished_granite_slab":1,"minecraft:granite":100,"minecraft:torch":35,"tombstone:grave_key":2,"minecraft:iron_pickaxe":1,"spartanweaponry:iron_dagger":2,"minecraft:birch_log":2,"minecraft:bucket":2,"minecraft:bone":5,"butchersdelight:deadllama":3,"minecraft:stone_sword":1,"onlyhammersandexcavators:stone_hammer":2,"minecraft:cobbled_deepslate":262,"supplementaries:ash":1,"spartanweaponry:stone_boomerang":2,"minecraft:arrow":4,"minecraft:stone_pickaxe":1},"minecraft:killed_by":{"thestarvedstalker:the_starved_stalker_aggro":2,"minecraft:player":8,"minecraft:zombified_piglin":1,"minecraft:pillager":1,"born_in_chaos_v1:zombie_bruiser":1,"hordes:husk_player":2,"goat_man:goat_man":1,"sanitydim:rotting_stalker":3,"born_in_chaos_v1:sir_pumpkinhead_without_horse":2,"mimicer:mimicer":4,"sanitydim:sneaking_terror":1,"apollyon:the_damned":3,"born_in_chaos_v1:diamond_termite":1,"undead_revamp2:therod":1,"born_in_chaos_v1:sir_pumpkinhead":1,"minecraft:skeleton":3,"the_one_who_watches:toww_running":1,"born_in_chaos_v1:pumpkinhead":2,"minecraft:zombie":3,"undead_revamp2:thesmoker":1,"cave_dweller:cave_dweller":2,"irritator:irritator":1,"kim_dweller:kim_dweller":2,"born_in_chaos_v1:door_knight":1,"midnightlurker:midnight_lurker_unprovoked":1},"minecraft:custom":{"minecraft:interact_with_anvil":1,"minecraft:mob_kills":206,"minecraft:interact_with_crafting_table":31,"minecraft:damage_dealt_resisted":4096,"minecraft:leave_game":28,"minecraft:time_since_death":20087,"minecraft:climb_one_cm":4742,"minecraft:damage_resisted":56740,"minecraft:sprint_one_cm":467547,"minecraft:walk_one_cm":866772,"minecraft:drop":37,"minecraft:play_noteblock":6,"minecraft:talked_to_villager":3,"minecraft:play_time":688466,"minecraft:deaths":65,"minecraft:sneak_time":6892,"minecraft:walk_under_water_one_cm":26365,"minecraft:jump":3997,"minecraft:walk_on_water_one_cm":69552,"minecraft:total_world_time":688466,"minecraft:interact_with_furnace":22,"tombstone:raider_killed":2,"minecraft:tune_noteblock":11,"minecraft:sleep_in_bed":6,"minecraft:time_since_rest":19921,"minecraft:damage_taken":24700,"minecraft:damage_absorbed":120,"tombstone:sneak_grave":1,"minecraft:damage_dealt":81046,"tombstone:cast_on_ally":1,"minecraft:player_kills":9,"minecraft:swim_one_cm":33597,"minecraft:fly_one_cm":933421,"minecraft:open_chest":166,"minecraft:crouch_one_cm":11737,"tombstone:undead_killed":127,"tombstone:villager_killed":1,"minecraft:fall_one_cm":158005,"minecraft:inspect_dispenser":5},"minecraft:picked_up":{"toughasnails:leaf_leggings":4,"undead_revamp2:bostroxingot":1,"minecraft:charcoal":2,"born_in_chaos_v1:diamond_termite_shard":1,"minecraft:wheat":20,"born_in_chaos_v1:river_mint":28,"minecraft:lead":8,"minecraft:enchanted_book":6,"tombstone:grave_key":1,"minecraft:string":32,"minecraft:smooth_stone":3,"minecraft:gold_nugget":2,"minecraft:cobbled_deepslate":1929,"minecraft:bucket":2,"toughasnails:leaf_boots":1,"minecraft:redstone_torch":1,"born_in_chaos_v1:gnawed_bones":4,"minecraft:poppy":6,"minecraft:iron_pickaxe":7,"minecraft:raw_iron":7,"minecraft:stick":175,"securitycraft:reinforced_cobblestone":10,"minecraft:copper_ingot":2,"minecraft:torch":145,"farmersdelight:tomato_seeds":6,"tombstone:grave_dust":32,"minecraft:diorite":59,"born_in_chaos_v1:pieceofdarkmetal":5,"minecraft:redstone":14,"minecraft:stone_sword":16,"minecraft:arrow":13,"butchersdelight:deadsheep":1,"minecraft:rotten_flesh":252,"minecraft:beetroot_seeds":3,"minecraft:polished_blackstone":4,"supplementaries:ash":1,"undead_revamp2:arapholia":5,"minecraft:white_wool":1,"minecraft:cobblestone":238,"born_in_chaos_v1:fused_bone":10,"minecraft:birch_log":24,"born_in_chaos_v1:corpse_maggot":105,"born_in_chaos_v1:monster_flesh":2,"minecraft:water_bucket":6,"minecraft:andesite":12,"minecraft:black_bed":2,"minecraft:acacia_leaves":88,"thestarvedstalker:starved_tooth":6,"minecraft:potato":10,"minecraft:birch_planks":13,"toughasnails:leaf_helmet":2,"minecraft:tuff":61,"minecraft:oak_log":10,"minecraft:gray_concrete":3,"minecraft:lapis_lazuli":29,"minecraft:dirt":233,"minecraft:lantern":1,"tombstone:gift":8,"born_in_chaos_v1:monster_skin":2,"minecraft:glass":11,"minecraft:bone":34,"minecraft:apple":75,"minecraft:wheat_seeds":85,"minecraft:iron_ingot":95,"minecraft:stone_pickaxe":17,"securitycraft:universal_block_reinforcer_lvl1":2,"tombstone:bag_of_seeds":1,"spartanweaponry:iron_dagger":2,"minecraft:iron_sword":3,"toughasnails:leaf_chestplate":4,"minecraft:gray_glazed_terracotta":2,"born_in_chaos_v1:ethereal_spirit":5,"minecraft:gravel":2,"minecraft:sand":3,"minecraft:soul_torch":2,"minecraft:white_bed":7,"minecraft:green_carpet":2,"minecraft:bundle":3,"minecraft:slime_ball":15,"minecraft:polished_granite_slab":2,"minecraft:granite":100,"minecraft:grass":6,"minecraft:golden_apple":3,"minecraft:bread":3,"securitycraft:reinforced_polished_granite_slab":1,"butchersdelight:deadllama":3,"onlyhammersandexcavators:stone_hammer":5,"tombstone:magic_scroll":2,"minecraft:dark_oak_wood":2,"minecraft:coal":2,"minecraft:oak_leaves":164},"minecraft:broken":{"spartanweaponry:iron_dagger":1,"toughasnails:leaf_leggings":7,"toughasnails:leaf_boots":4,"toughasnails:leaf_chestplate":6,"minecraft:stone_sword":1,"minecraft:stone_pickaxe":1,"spartanweaponry:iron_greatsword":1,"onlyhammersandexcavators:stone_hammer":3,"securitycraft:universal_block_reinforcer_lvl1":1,"toughasnails:leaf_helmet":5},"minecraft:crafted":{"minecraft:oak_planks":4,"minecraft:furnace":1,"comforts:hammock_white":1,"toughasnails:leaf_leggings":8,"minecraft:flint_and_steel":1,"minecraft:glass":1,"minecraft:stone_pickaxe":3,"toughasnails:leaf_helmet":4,"minecraft:birch_button":1,"toughasnails:leaf_boots":3,"toughasnails:leaf_chestplate":7,"minecraft:iron_sword":1,"minecraft:bucket":1,"minecraft:birch_planks":12,"spartanweaponry:iron_boomerang":1,"minecraft:campfire":1,"minecraft:charcoal":1,"minecraft:stick":8,"minecraft:iron_ingot":5,"minecraft:iron_pickaxe":3,"minecraft:stone_sword":3,"minecraft:shears":2},"minecraft:killed":{"undead_revamp2:thewolf":1,"born_in_chaos_v1:mr_pumpkin":13,"undead_revamp2:thehunter":1,"born_in_chaos_v1:zombie_lumberjack":1,"born_in_chaos_v1:restless_spirit":1,"sanitydim:rotting_stalker":4,"undead_revamp2:thesmoker":3,"sanitydim:sneaking_terror":3,"born_in_chaos_v1:siamese_skeletonsright":1,"minecraft:zombie_horse":1,"born_in_chaos_v1:zombie_bruiser":4,"born_in_chaos_v1:maggot":19,"minecraft:skeleton":5,"the_knocker:knocker":1,"undead_revamp2:therod":1,"the_knocker:knockerstalklooked":1,"hordes:husk_player":3,"undead_revamp2:thepregnant":1,"undead_revamp2:sucker":2,"born_in_chaos_v1:siamese_skeletons":1,"born_in_chaos_v1:felsteed":1,"thestarvedstalker:the_starved_stalker_aggro":2,"born_in_chaos_v1:diamond_termite":1,"minecraft:zombie_villager":5,"born_in_chaos_v1:baby_skeleton":2,"man:managgresive":2,"born_in_chaos_v1:swarmer":2,"undead_revamp2:the_moonflower":7,"minecraft:wandering_trader":1,"minecraft:creeper":1,"born_in_chaos_v1:decrepit_skeleton":1,"minecraft:sheep":1,"minecraft:pillager":2,"born_in_chaos_v1:decaying_zombie":1,"minecraft:zombie":83,"born_in_chaos_v1:dread_hound":3,"born_in_chaos_v1:corpse_fly":16,"apollyon:the_damned":1,"born_in_chaos_v1:siamese_skeletonsleft":1}},"DataVersion":3120}