{"stats":{"minecraft:picked_up":{"toughasnails:leaf_leggings":5,"minecraft:wheat":20,"minecraft:lead":12,"minecraft:enchanted_book":6,"tombstone:grave_key":1,"minecraft:polished_deepslate":77,"minecraft:string":34,"minecraft:cobbled_deepslate":1993,"minecraft:gold_nugget":4,"minecraft:smooth_stone":3,"minecraft:bucket":2,"toughasnails:leaf_boots":1,"minecraft:redstone_torch":1,"minecraft:iron_pickaxe":11,"minecraft:furnace":11,"minecraft:stick":175,"minecraft:torch":155,"tombstone:grave_dust":33,"minecraft:diorite":59,"minecraft:stone_sword":20,"minecraft:rotten_flesh":300,"supplementaries:ash":8,"minecraft:deepslate_brick_stairs":5,"undead_revamp2:arapholia":5,"minecraft:cobblestone":335,"minecraft:birch_log":24,"minecraft:iron_door":3,"minecraft:water_bucket":8,"minecraft:andesite":12,"minecraft:black_bed":2,"minecraft:acacia_leaves":101,"minecraft:potato":10,"toughasnails:leaf_helmet":3,"minecraft:tuff":61,"minecraft:lapis_lazuli":29,"minecraft:gray_concrete":3,"minecraft:dirt":270,"minecraft:lantern":1,"born_in_chaos_v1:monster_skin":2,"minecraft:glass":602,"minecraft:bone":34,"minecraft:wheat_seeds":85,"minecraft:deepslate_brick_slab":2,"securitycraft:mine":30,"minecraft:gray_glazed_terracotta":2,"minecraft:sand":3,"minecraft:bundle":4,"minecraft:polished_granite_slab":2,"minecraft:granite":101,"minecraft:grass":6,"minecraft:golden_apple":20,"butchersdelight:deadllama":3,"securitycraft:reinforced_polished_granite_slab":1,"minecraft:bread":10,"minecraft:oak_sapling":2,"minecraft:oak_leaves":352,"undead_revamp2:bostroxingot":1,"minecraft:charcoal":2,"born_in_chaos_v1:diamond_termite_shard":1,"minecraft:crafting_table":20,"born_in_chaos_v1:river_mint":28,"minecraft:flint_and_steel":2,"born_in_chaos_v1:gnawed_bones":4,"minecraft:poppy":6,"minecraft:raw_iron":7,"securitycraft:reinforced_cobblestone":31,"minecraft:copper_ingot":12,"farmersdelight:tomato_seeds":6,"born_in_chaos_v1:pieceofdarkmetal":5,"minecraft:redstone":14,"butchersdelight:deadsheep":1,"minecraft:arrow":21,"minecraft:beetroot_seeds":3,"minecraft:deepslate_bricks":25,"minecraft:polished_blackstone":4,"minecraft:white_wool":1,"born_in_chaos_v1:fused_bone":10,"minecraft:stripped_oak_log":1,"born_in_chaos_v1:corpse_maggot":112,"minecraft:dark_oak_button":1,"born_in_chaos_v1:monster_flesh":2,"thestarvedstalker:starved_tooth":6,"minecraft:birch_planks":13,"minecraft:oak_log":10,"tombstone:gift":11,"minecraft:apple":81,"minecraft:iron_ingot":133,"minecraft:stone_pickaxe":25,"comforts:sleeping_bag_gray":6,"securitycraft:universal_block_reinforcer_lvl1":4,"tombstone:bag_of_seeds":1,"spartanweaponry:iron_dagger":2,"minecraft:iron_sword":5,"toughasnails:leaf_chestplate":6,"born_in_chaos_v1:ethereal_spirit":5,"minecraft:dandelion":16,"minecraft:gravel":2,"minecraft:soul_torch":6,"minecraft:white_bed":7,"minecraft:green_carpet":3,"securitycraft:whitelist_module":2,"minecraft:slime_ball":15,"onlyhammersandexcavators:stone_hammer":5,"tombstone:magic_scroll":2,"minecraft:dark_oak_wood":2,"minecraft:coal":242},"minecraft:custom":{"minecraft:interact_with_crafting_table":51,"minecraft:leave_game":30,"minecraft:time_since_death":10732,"minecraft:damage_resisted":56740,"minecraft:sprint_one_cm":704788,"minecraft:drop":88,"minecraft:play_noteblock":13,"minecraft:talked_to_villager":3,"minecraft:play_time":827063,"minecraft:deaths":80,"tombstone:tomb_raiding":1,"minecraft:jump":5594,"minecraft:walk_on_water_one_cm":78147,"minecraft:interact_with_furnace":36,"minecraft:sleep_in_bed":12,"tombstone:sneak_grave":2,"minecraft:damage_dealt":85458,"minecraft:player_kills":16,"minecraft:crouch_one_cm":13649,"tombstone:undead_killed":138,"tombstone:villager_killed":1,"minecraft:inspect_dispenser":5,"minecraft:mob_kills":222,"minecraft:interact_with_anvil":1,"minecraft:damage_dealt_resisted":4096,"minecraft:climb_one_cm":6203,"minecraft:walk_one_cm":1178367,"minecraft:sneak_time":8046,"minecraft:walk_under_water_one_cm":26876,"minecraft:total_world_time":827063,"tombstone:raider_killed":2,"minecraft:tune_noteblock":16,"minecraft:time_since_rest":10091,"minecraft:damage_taken":30168,"minecraft:damage_absorbed":120,"tombstone:cast_on_ally":1,"minecraft:swim_one_cm":33597,"minecraft:fly_one_cm":1281285,"minecraft:open_chest":259,"minecraft:fall_one_cm":200781},"minecraft:killed":{"undead_revamp2:thewolf":1,"born_in_chaos_v1:mr_pumpkin":13,"born_in_chaos_v1:zombie_lumberjack":1,"born_in_chaos_v1:restless_spirit":1,"undead_revamp2:thesmoker":5,"minecraft:zombie_horse":1,"sanitydim:sneaking_terror":3,"born_in_chaos_v1:siamese_skeletonsright":1,"minecraft:skeleton":5,"the_knocker:knocker":1,"undead_revamp2:therod":2,"hordes:husk_player":4,"undead_revamp2:thepregnant":1,"thestarvedstalker:the_starved_stalker_aggro":2,"born_in_chaos_v1:diamond_termite":1,"minecraft:zombie_villager":5,"man:managgresive":2,"minecraft:creeper":1,"minecraft:sheep":1,"minecraft:pillager":2,"minecraft:zombie":84,"born_in_chaos_v1:dread_hound":3,"born_in_chaos_v1:corpse_fly":16,"apollyon:the_damned":1,"born_in_chaos_v1:siamese_skeletonsleft":1,"undead_revamp2:thehunter":1,"sanitydim:rotting_stalker":4,"born_in_chaos_v1:zombie_bruiser":4,"born_in_chaos_v1:maggot":19,"the_knocker:knockerstalklooked":1,"minecraft:drowned":2,"undead_revamp2:sucker":2,"born_in_chaos_v1:siamese_skeletons":1,"minecraft:husk":2,"born_in_chaos_v1:felsteed":1,"born_in_chaos_v1:baby_skeleton":2,"born_in_chaos_v1:swarmer":2,"undead_revamp2:the_moonflower":9,"minecraft:wandering_trader":1,"born_in_chaos_v1:decrepit_skeleton":1,"born_in_chaos_v1:decaying_zombie":1},"minecraft:broken":{"toughasnails:leaf_boots":4,"toughasnails:leaf_chestplate":9,"minecraft:stone_pickaxe":1,"spartanweaponry:iron_greatsword":1,"securitycraft:universal_block_reinforcer_lvl1":2,"spartanweaponry:iron_dagger":1,"toughasnails:leaf_leggings":9,"minecraft:stone_sword":1,"onlyhammersandexcavators:stone_hammer":3,"toughasnails:leaf_helmet":6},"minecraft:crafted":{"securitycraft:username_logger":1,"minecraft:oak_planks":4,"securitycraft:mine":12,"comforts:hammock_white":1,"toughasnails:leaf_leggings":10,"minecraft:deepslate_brick_stairs":4,"minecraft:glass":1,"toughasnails:leaf_helmet":5,"minecraft:iron_door":6,"minecraft:birch_button":1,"toughasnails:leaf_boots":3,"spartanweaponry:iron_boomerang":2,"minecraft:birch_planks":12,"minecraft:campfire":1,"minecraft:charcoal":1,"minecraft:stick":8,"minecraft:iron_pickaxe":3,"minecraft:iron_ingot":5,"minecraft:stone_sword":3,"minecraft:redstone_torch":4,"minecraft:deepslate_bricks":24,"minecraft:shears":3,"securitycraft:furnace_mine":1,"minecraft:furnace":2,"minecraft:flint_and_steel":1,"minecraft:stone_pickaxe":3,"securitycraft:portable_radar":4,"toughasnails:leaf_chestplate":9,"minecraft:deepslate_brick_slab":6,"minecraft:iron_sword":1,"minecraft:bucket":1,"securitycraft:reinforced_stone":11,"securitycraft:door_indestructible_iron_item":4},"minecraft:dropped":{"securitycraft:reinforced_polished_granite_slab":1,"minecraft:dark_oak_button":1,"minecraft:emerald":2,"minecraft:gold_nugget":2,"minecraft:iron_pickaxe":1,"spartanweaponry:iron_dagger":2,"minecraft:birch_log":2,"minecraft:bone":5,"onlyhammersandexcavators:stone_hammer":2,"minecraft:cobbled_deepslate":326,"tombstone:gift":1,"minecraft:rotten_flesh":22,"supplementaries:ash":3,"spartanweaponry:stone_boomerang":2,"born_in_chaos_v1:corpse_maggot":4,"minecraft:arrow":4,"minecraft:glass":15,"minecraft:oak_leaves":125,"minecraft:wheat_seeds":13,"spartanweaponry:iron_boomerang":2,"minecraft:apple":2,"minecraft:granite":100,"minecraft:torch":39,"tombstone:grave_key":2,"minecraft:iron_door":3,"toughasnails:leaf_leggings":1,"minecraft:bucket":2,"minecraft:dandelion":16,"securitycraft:mine":10,"toughasnails:leaf_chestplate":1,"butchersdelight:deadllama":3,"minecraft:stone_sword":1,"minecraft:oak_sapling":4,"minecraft:stone_pickaxe":1},"minecraft:killed_by":{"undead_revamp2:the_moonflower":1,"minecraft:zombified_piglin":1,"minecraft:pillager":1,"born_in_chaos_v1:zombie_bruiser":1,"minecraft:zombie_horse":1,"sanitydim:rotting_stalker":3,"mimicer:mimicer":5,"sanitydim:sneaking_terror":1,"born_in_chaos_v1:diamond_termite":1,"the_one_who_watches:toww_running":2,"born_in_chaos_v1:pumpkinhead":2,"minecraft:zombie":3,"undead_revamp2:thesmoker":1,"irritator:irritator":1,"kim_dweller:kim_dweller":3,"minecraft:husk":1,"thestarvedstalker:the_starved_stalker_aggro":2,"minecraft:player":10,"hordes:husk_player":2,"goat_man:goat_man":1,"born_in_chaos_v1:sir_pumpkinhead_without_horse":2,"apollyon:the_damned":5,"undead_revamp2:therod":1,"born_in_chaos_v1:sir_pumpkinhead":1,"minecraft:skeleton":4,"cave_dweller:cave_dweller":2,"born_in_chaos_v1:door_knight":1,"midnightlurker:midnight_lurker_unprovoked":1},"minecraft:used":{"minecraft:polished_deepslate":8,"minecraft:polished_blackstone":5,"minecraft:brown_concrete":2,"minecraft:iron_sword":285,"securitycraft:username_logger":6,"minecraft:rotten_flesh":1,"securitycraft:keypad_item":9,"minecraft:deepslate_brick_slab":8,"minecraft:tuff":1,"born_in_chaos_v1:corpse_maggot":18,"minecraft:glass":67,"thestarvedstalker:the_starved_stalker_spawn_egg":1,"minecraft:lantern":24,"minecraft:grass_block":88,"onlyhammersandexcavators:stone_hammer":1922,"minecraft:birch_button":1,"minecraft:repeater":32,"minecraft:furnace":13,"spartanweaponry:iron_greatsword":4,"securitycraft:door_indestructible_iron_item":4,"minecraft:stone_pickaxe":305,"spartanweaponry:iron_boomerang":12,"minecraft:golden_apple":3,"minecraft:gray_concrete":10,"minecraft:black_bed":1,"minecraft:shears":276,"minecraft:deepslate_brick_stairs":9,"minecraft:redstone_torch":15,"minecraft:lever":1,"spartanweaponry:iron_dagger":2,"minecraft:bread":2,"minecraft:deepslate":105,"minecraft:gravel":2,"securitycraft:mine":1,"minecraft:dark_oak_fence":4,"minecraft:andesite":3,"securitycraft:whitelist_module":2,"minecraft:stone_sword":158,"minecraft:flint_and_steel":27,"minecraft:redstone":143,"minecraft:stick":1,"minecraft:torch":106,"minecraft:dirt":303,"minecraft:polished_granite_slab":1,"minecraft:gray_glazed_terracotta":2,"tombstone:gift":8,"minecraft:cobbled_deepslate":265,"minecraft:observer":20,"appletreesrev:gold_apple_sapling":2,"minecraft:water_bucket":29,"securitycraft:blacklist_module":4,"minecraft:birch_planks":1,"minecraft:polished_andesite":1,"minecraft:deepslate_bricks":14,"spartanweaponry:dynamite":9,"minecraft:tnt":65,"minecraft:red_bed":10,"minecraft:campfire":2,"minecraft:white_bed":6,"securitycraft:furnace_mine":1,"minecraft:oak_log":4,"minecraft:apple":38,"minecraft:command_block":6,"minecraft:iron_pickaxe":1,"eeeabsmobs:netherworld_katana":6,"spartanweaponry:stone_boomerang":49,"comforts:sleeping_bag_gray":6,"minecraft:green_carpet":1,"minecraft:cobblestone":23,"securitycraft:admin_tool":1,"minecraft:andesite_stairs":2,"minecraft:bucket":29,"minecraft:stripped_oak_log":2},"minecraft:mined":{"minecraft:polished_granite_slab":2,"minecraft:white_bed":6,"minecraft:granite":98,"minecraft:grass_block":32,"minecraft:deepslate_bricks":3,"minecraft:smooth_stone":3,"minecraft:iron_ore":5,"minecraft:cobbled_deepslate":59,"minecraft:fire":26,"minecraft:deepslate_lapis_ore":4,"supplementaries:stick":1,"minecraft:deepslate_brick_stairs":5,"minecraft:green_carpet":3,"minecraft:torch":5,"minecraft:glass":4,"minecraft:cobblestone":2,"minecraft:iron_door":1,"minecraft:wall_torch":3,"born_in_chaos_v1:river_mint":10,"minecraft:grass":226,"minecraft:dirt":53,"minecraft:oak_leaves":214,"minecraft:deepslate":1687,"minecraft:tuff":22,"minecraft:gray_glazed_terracotta":3,"minecraft:glow_lichen":1,"minecraft:deepslate_brick_slab":4,"minecraft:furnace":11,"comforts:sleeping_bag_gray":1,"minecraft:polished_deepslate":4,"minecraft:deepslate_iron_ore":2,"minecraft:stripped_oak_log":1,"minecraft:stone":5,"minecraft:acacia_leaves":64,"minecraft:gray_concrete":3,"minecraft:soul_torch":1,"minecraft:polished_granite":1,"minecraft:campfire":1,"minecraft:tall_grass":12,"appletreesrev:apple_plant":9,"supplementaries:urn":1,"minecraft:dark_oak_button":1,"minecraft:gravel":22,"minecraft:gray_carpet":1,"minecraft:cobweb":12,"minecraft:polished_blackstone":4}},"DataVersion":3120}